Index,File,Points,Lambda_Min,Lambda_Max,Integral,Peak_Value,Peak_Lambda,Mean_Value
0,500_425_QEPB04081__0__15-48-21-527.txt,1044,220.843,1015.12,-254.0325,4.5,1001.371,-0.312260536398467
1,500_425_QEPB04081__1__15-48-22-516.txt,1044,220.843,1015.12,111.48676,3.88,378.659,0.147241379310345
2,500_425_QEPB04081__2__15-48-23-513.txt,1044,220.843,1015.12,-220.72374,3.38,859.473,-0.269425287356322
3,500_425_QEPB04081__3__15-48-24-515.txt,1044,220.843,1015.12,-246.73524,3.38,768.817,-0.304865900383143
4,500_425_QEPB04081__4__15-48-25-509.txt,1044,220.843,1015.12,1299080.83874,38599.62,504.16,1609.90735632184
5,500_425_QEPB04081__5__15-48-26-505.txt,1044,220.843,1015.12,1296109.62624,38594.12,504.16,1606.21961685823
6,500_425_QEPB04081__6__15-48-27-497.txt,1044,220.843,1015.12,1294704.48924,38428.12,504.16,1604.4791954023
7,500_425_QEPB04081__7__15-48-28-503.txt,1044,220.843,1015.12,1294571.58576,38450.88,504.934,1604.31390804598
8,500_425_QEPB04081__8__15-48-29-496.txt,1044,220.843,1015.12,1294398.4235,38407.5,504.934,1604.10632183908
9,500_425_QEPB04081__9__15-48-30-487.txt,1044,220.843,1015.12,1292970.58926,38409.88,504.16,1602.32923371648
10,500_425_QEPB04081__10__15-48-31-479.txt,1044,220.843,1015.12,1292374.266,38308.5,504.16,1601.59961685824
11,500_425_QEPB04081__11__15-48-32-486.txt,1044,220.843,1015.12,1292285.24226,38409.88,504.934,1601.48344827587
12,500_425_QEPB04081__12__15-48-33-480.txt,1044,220.843,1015.12,1293154.26876,38393.38,504.934,1602.5667816092
13,500_425_QEPB04081__13__15-48-34-469.txt,1044,220.843,1015.12,1291264.474,38286.5,504.16,1600.22988505747
14,500_425_QEPB04081__14__15-48-35-466.txt,1044,220.843,1015.12,1290959.21074,38298.62,504.16,1599.84796934866
15,500_425_QEPB04081__15__15-48-36-459.txt,1044,220.843,1015.12,1290488.34475,38299.25,504.16,1599.26436781609
16,500_425_QEPB04081__16__15-48-37-451.txt,1044,220.843,1015.12,1224504.72975,36307.75,504.16,1517.48275862069
17,500_425_QEPB04081__17__15-48-38-463.txt,1044,220.843,1015.12,1245369.66675,36905.75,504.16,1543.34003831418
18,500_425_QEPB04081__18__15-48-39-465.txt,1044,220.843,1015.12,1129805.9665,33564,504.934,1400.12835249042
19,500_425_QEPB04081__19__15-48-40-455.txt,1044,220.843,1015.12,1223569.7325,36342.5,504.934,1516.33429118774
20,500_425_QEPB04081__20__15-48-41-446.txt,1044,220.843,1015.12,1279360.82726,37953.38,504.934,1585.47482758621
21,500_425_QEPB04081__21__15-48-42-441.txt,1044,220.843,1015.12,1281329.818,38017,504.934,1587.90804597701
22,500_425_QEPB04081__22__15-48-43-433.txt,1044,220.843,1015.12,1282110.00125,38018.25,504.16,1588.87931034483
23,500_425_QEPB04081__23__15-48-44-426.txt,1044,220.843,1015.12,1282592.29975,38045.75,504.934,1589.4837164751
24,500_425_QEPB04081__24__15-48-45-417.txt,1044,220.843,1015.12,1283569.27126,38104.88,504.934,1590.70088122606
25,500_425_QEPB04081__25__15-48-46-412.txt,1044,220.843,1015.12,1282865.13874,37981.62,504.16,1589.82019157088
26,500_425_QEPB04081__26__15-48-47-413.txt,1044,220.843,1015.12,1282837.38824,38035.12,504.16,1589.77996168582
27,500_425_QEPB04081__27__15-48-48-412.txt,1044,220.843,1015.12,1282983.21474,38018.62,504.934,1589.97249042145
28,500_425_QEPB04081__28__15-48-49-413.txt,1044,220.843,1015.12,1283449.837,38060,504.934,1590.55555555556
29,500_425_QEPB04081__29__15-48-49-431.txt,1044,220.843,1015.12,1282631.19676,38029.38,504.16,1589.51505747127
30,500_425_QEPB04081__30__15-48-50-429.txt,1044,220.843,1015.12,1283157.43926,37952.38,504.16,1590.18555555556
31,500_425_QEPB04081__31__15-48-51-430.txt,1044,220.843,1015.12,1282903.0235,38015,504.16,1589.86206896552
32,500_425_QEPB04081__32__15-48-52-422.txt,1044,220.843,1015.12,1282282.06775,38030.25,504.934,1589.08237547893
33,500_425_QEPB04081__33__15-48-53-413.txt,1044,220.843,1015.12,1282985.86124,37975.12,504.934,1589.96865900383
34,500_425_QEPB04081__34__15-48-53-430.txt,1044,220.843,1015.12,1282807.55276,37950.38,504.934,1589.75260536399
35,500_425_QEPB04081__35__15-48-54-427.txt,1044,220.843,1015.12,1282607.666,38048.5,504.934,1589.49616858238
36,500_425_QEPB04081__36__15-48-55-432.txt,1044,220.843,1015.12,1282519.68825,37988.75,504.16,1589.3908045977
37,500_425_QEPB04081__37__15-48-56-425.txt,1044,220.843,1015.12,1282280.26976,37901.38,504.934,1589.10605363985
38,500_425_QEPB04081__38__15-48-57-440.txt,1044,220.843,1015.12,1283246.70825,37971.75,504.934,1590.31417624521
39,500_425_QEPB04081__39__15-48-58-434.txt,1044,220.843,1015.12,1281771.76024,37888.62,504.16,1588.46674329502
40,500_425_QEPB04081__40__15-48-59-435.txt,1044,220.843,1015.12,1282172.56675,37950.25,504.934,1588.97126436782
41,500_425_QEPB04081__41__15-49-00-440.txt,1044,220.843,1015.12,1281471.82376,37861.38,504.16,1588.10892720307
42,500_425_QEPB04081__42__15-49-00-459.txt,1044,220.843,1015.12,1282430.07024,37854.12,504.934,1589.30678160919
43,500_425_QEPB04081__43__15-49-01-453.txt,1044,220.843,1015.12,1281515.76926,37800.38,504.16,1588.16448275862
44,500_425_QEPB04081__44__15-49-02-441.txt,1044,220.843,1015.12,1281531.69576,37795.88,504.934,1588.19704980843
45,500_425_QEPB04081__45__15-49-03-438.txt,1044,220.843,1015.12,1281172.70774,37914.12,504.934,1587.73973180076
46,500_425_QEPB04081__46__15-49-04-430.txt,1044,220.843,1015.12,1280647.255,37798,504.934,1587.08429118774
47,500_425_QEPB04081__47__15-49-05-427.txt,1044,220.843,1015.12,1281081.42376,37733.38,504.934,1587.64340996169
48,500_425_QEPB04081__48__15-49-06-420.txt,1044,220.843,1015.12,1279455.85725,37812.25,504.934,1585.61877394636
49,500_425_QEPB04081__49__15-49-07-412.txt,1044,220.843,1015.12,1279747.56624,37719.62,504.934,1585.9791954023
50,500_425_QEPB04081__50__15-49-08-410.txt,1044,220.843,1015.12,1279531.66576,37671.38,504.934,1585.71237547893
51,500_425_QEPB04081__51__15-49-09-405.txt,1044,220.843,1015.12,1278770.72775,37692.25,504.934,1584.77298850575
52,500_425_QEPB04081__52__15-49-10-402.txt,1044,220.843,1015.12,1279250.68774,37701.62,504.934,1585.37383141762
53,500_425_QEPB04081__53__15-49-11-397.txt,1044,220.843,1015.12,1278264.28676,37672.38,504.934,1584.1453256705
54,500_425_QEPB04081__54__15-49-12-388.txt,1044,220.843,1015.12,1278055.726,37699,504.934,1583.88314176245
55,500_425_QEPB04081__55__15-49-13-399.txt,1044,220.843,1015.12,1198055.97525,35289.75,504.16,1484.73946360153
56,500_425_QEPB04081__56__15-49-14-413.txt,1044,220.843,1015.12,1233555.9515,36286.5,504.934,1528.74425287356
57,500_425_QEPB04081__57__15-49-15-417.txt,1044,220.843,1015.12,1274122.34824,37502.62,504.934,1579.01942528735
58,500_425_QEPB04081__58__15-49-16-415.txt,1044,220.843,1015.12,1275352.47324,37480.62,504.16,1580.54911877394
59,500_425_QEPB04081__59__15-49-17-404.txt,1044,220.843,1015.12,1274985.03275,37463.75,504.934,1580.07950191571
60,500_425_QEPB04081__60__15-49-18-398.txt,1044,220.843,1015.12,1275852.5445,37454.5,504.934,1581.16570881226
61,500_425_QEPB04081__61__15-49-19-392.txt,1044,220.843,1015.12,1274806.68226,37531.88,504.934,1579.86275862069
62,500_425_QEPB04081__62__15-49-20-399.txt,1044,220.843,1015.12,1275507.39825,37499.25,504.934,1580.73563218391
63,500_425_QEPB04081__63__15-49-21-398.txt,1044,220.843,1015.12,1274568.78776,37456.88,504.934,1579.57061302682
64,500_425_QEPB04081__64__15-49-22-394.txt,1044,220.843,1015.12,1274821.1355,37416,504.934,1579.88218390805
65,500_425_QEPB04081__65__15-49-23-387.txt,1044,220.843,1015.12,1275029.814,37465,504.934,1580.14176245211
66,500_425_QEPB04081__66__15-49-24-387.txt,1044,220.843,1015.12,1275428.771,37499,504.934,1580.65038314176
67,500_425_QEPB04081__67__15-49-25-389.txt,1044,220.843,1015.12,1275800.328,37520.5,504.934,1581.10536398467
68,500_425_QEPB04081__68__15-49-26-389.txt,1044,220.843,1015.12,1275043.73976,37416.38,504.934,1580.16735632184
69,500_425_QEPB04081__69__15-49-27-384.txt,1044,220.843,1015.12,1275391.14426,37387.38,504.934,1580.61275862069
70,500_425_QEPB04081__70__15-49-28-379.txt,1044,220.843,1015.12,1275296.653,37436,504.934,1580.49137931034
71,500_425_QEPB04081__71__15-49-29-381.txt,1044,220.843,1015.12,1275036.41526,37416.88,504.934,1580.16927203065
72,500_425_QEPB04081__72__15-49-30-372.txt,1044,220.843,1015.12,1274932.52924,37358.62,504.934,1580.03762452107
73,500_425_QEPB04081__73__15-49-31-362.txt,1044,220.843,1015.12,1274351.6955,37340,504.934,1579.32375478927
74,500_425_QEPB04081__74__15-49-32-376.txt,1044,220.843,1015.12,1273776.50225,37297.75,504.934,1578.59770114943
75,500_425_QEPB04081__75__15-49-33-371.txt,1044,220.843,1015.12,1274200.50926,37270.88,504.16,1579.13478927203
76,500_425_QEPB04081__76__15-49-34-363.txt,1044,220.843,1015.12,1274075.53376,37258.38,504.16,1578.97770114943
77,500_425_QEPB04081__77__15-49-35-365.txt,1044,220.843,1015.12,1272581.89574,37330.62,504.934,1577.11233716475
78,500_425_QEPB04081__78__15-49-36-361.txt,1044,220.843,1015.12,1273073.18326,37300.88,504.934,1577.72674329502
79,500_425_QEPB04081__79__15-49-37-359.txt,1044,220.843,1015.12,1273161.61475,37300.25,504.934,1577.84482758621
80,500_425_QEPB04081__80__15-49-38-365.txt,1044,220.843,1015.12,1272987.07626,37236.88,505.707,1577.62521072797
81,500_425_QEPB04081__81__15-49-39-361.txt,1044,220.843,1015.12,1272690.8805,37283.5,504.934,1577.2662835249
82,500_425_QEPB04081__82__15-49-40-351.txt,1044,220.843,1015.12,1271642.37724,37198.62,504.934,1575.95429118774
83,500_425_QEPB04081__83__15-49-41-340.txt,1044,220.843,1015.12,1272294.10176,37273.88,504.934,1576.76793103449
84,500_425_QEPB04081__84__15-49-42-332.txt,1044,220.843,1015.12,1272264.78425,37151.75,504.934,1576.74329501916
85,500_425_QEPB04081__85__15-49-43-350.txt,1044,220.843,1015.12,1271669.1225,37155,504.934,1575.99425287356
86,500_425_QEPB04081__86__15-49-44-339.txt,1044,220.843,1015.12,1271627.53275,37190.75,504.934,1575.94540229885
87,500_425_QEPB04081__87__15-49-45-338.txt,1044,220.843,1015.12,1271282.77126,37170.88,504.934,1575.51601532567
88,500_425_QEPB04081__88__15-49-46-334.txt,1044,220.843,1015.12,1271526.68026,37105.38,504.934,1575.82444444445
89,500_425_QEPB04081__89__15-49-47-327.txt,1044,220.843,1015.12,1270860.27576,37147.88,504.934,1574.99111111111
90,500_425_QEPB04081__90__15-49-48-332.txt,1044,220.843,1015.12,1270731.5205,37120,504.934,1574.83524904215
91,500_425_QEPB04081__91__15-49-49-332.txt,1044,220.843,1015.12,1271018.75575,37088.75,504.934,1575.20114942529
92,500_425_QEPB04081__92__15-49-50-332.txt,1044,220.843,1015.12,1247717.26175,36519.25,504.934,1546.31513409962
93,500_425_QEPB04081__93__15-49-51-327.txt,1044,220.843,1015.12,1273242.173,37193.5,504.934,1577.9530651341
94,500_425_QEPB04081__94__15-49-52-333.txt,1044,220.843,1015.12,1270699.62826,37119.38,504.934,1574.80241379311
95,500_425_QEPB04081__95__15-49-53-344.txt,1044,220.843,1015.12,1271059.47125,37142.25,504.934,1575.24904214559
96,500_425_QEPB04081__96__15-49-54-347.txt,1044,220.843,1015.12,1270358.4885,37128.5,504.934,1574.37068965517
97,500_425_QEPB04081__97__15-49-55-360.txt,1044,220.843,1015.12,1270977.282,37071.5,504.934,1575.15229885057
98,500_425_QEPB04081__98__15-49-56-359.txt,1044,220.843,1015.12,1270538.74525,37067.25,504.934,1574.60632183908
99,500_425_QEPB04081__99__15-49-57-354.txt,1044,220.843,1015.12,1270606.825,37046.5,504.934,1574.69252873563
100,500_425_QEPB04081__100__15-49-58-346.txt,1044,220.843,1015.12,1270122.15774,37055.12,504.934,1574.089348659
101,500_425_QEPB04081__101__15-49-59-342.txt,1044,220.843,1015.12,1270607.7645,37158,504.934,1574.69061302682
102,500_425_QEPB04081__102__15-50-00-347.txt,1044,220.843,1015.12,1270073.68626,37064.88,504.934,1574.02655172414
103,500_425_QEPB04081__103__15-50-01-341.txt,1044,220.843,1015.12,1270180.92925,37025.25,504.934,1574.16379310345
104,500_425_QEPB04081__104__15-50-02-334.txt,1044,220.843,1015.12,1270473.60875,37075.75,504.934,1574.53544061303
105,500_425_QEPB04081__105__15-50-03-334.txt,1044,220.843,1015.12,1269835.35325,37106.25,504.934,1573.74137931034
106,500_425_QEPB04081__106__15-50-04-326.txt,1044,220.843,1015.12,1270599.21826,36960.38,504.16,1574.68938697318
107,500_425_QEPB04081__107__15-50-05-318.txt,1044,220.843,1015.12,1270761.17476,37022.88,504.934,1574.89340996169
108,500_425_QEPB04081__108__15-50-06-312.txt,1044,220.843,1015.12,1270647.47076,37030.38,504.934,1574.75164750958
109,500_425_QEPB04081__109__15-50-07-305.txt,1044,220.843,1015.12,1270018.68426,36999.88,504.934,1573.98057471265
110,500_425_QEPB04081__110__15-50-08-305.txt,1044,220.843,1015.12,1268563.83875,36947.25,504.934,1572.16570881226
111,500_425_QEPB04081__111__15-50-09-303.txt,1044,220.843,1015.12,1268321.76426,37064.88,504.934,1571.86275862069
112,500_425_QEPB04081__112__15-50-10-321.txt,1044,220.843,1015.12,1268609.406,36947,504.934,1572.22222222222
113,500_425_QEPB04081__113__15-50-11-314.txt,1044,220.843,1015.12,1268587.19475,36913.25,504.934,1572.20019157088
114,500_425_QEPB04081__114__15-50-12-314.txt,1044,220.843,1015.12,1267778.30226,36941.38,504.934,1571.18555555556
115,500_425_QEPB04081__115__15-50-13-309.txt,1044,220.843,1015.12,1268383.13374,36880.62,504.934,1571.95333333333
116,500_425_QEPB04081__116__15-50-14-308.txt,1044,220.843,1015.12,1267104.89175,36811.75,505.707,1570.35440613027
117,500_425_QEPB04081__117__15-50-15-307.txt,1044,220.843,1015.12,1267892.76374,36872.12,504.934,1571.3546743295
118,500_425_QEPB04081__118__15-50-16-304.txt,1044,220.843,1015.12,1267834.96476,36889.38,504.934,1571.2698467433
119,500_425_QEPB04081__119__15-50-17-300.txt,1044,220.843,1015.12,1266851.83776,36845.88,504.934,1570.04475095786
120,500_425_QEPB04081__120__15-50-18-292.txt,1044,220.843,1015.12,1267404.1645,36814.5,504.934,1570.74137931034
121,500_425_QEPB04081__121__15-50-19-296.txt,1044,220.843,1015.12,1266928.18874,36904.12,504.934,1570.14777777777
122,500_425_QEPB04081__122__15-50-20-289.txt,1044,220.843,1015.12,1266818.3595,36783,504.934,1570.00957854406
123,500_425_QEPB04081__123__15-50-21-287.txt,1044,220.843,1015.12,1266365.87224,36736.62,504.934,1569.45429118774
124,500_425_QEPB04081__124__15-50-22-296.txt,1044,220.843,1015.12,1265985.46125,36774.25,504.934,1568.98084291188
125,500_425_QEPB04081__125__15-50-23-287.txt,1044,220.843,1015.12,1266317.38976,36772.88,505.707,1569.38766283525
126,500_425_QEPB04081__126__15-50-24-293.txt,1044,220.843,1015.12,1265912.74275,36737.75,504.934,1568.88888888889
127,500_425_QEPB04081__127__15-50-25-307.txt,1044,220.843,1015.12,1266322.82526,36754.38,504.934,1569.40107279694
128,500_425_QEPB04081__128__15-50-26-301.txt,1044,220.843,1015.12,1265351.70926,36790.88,504.934,1568.19609195403
129,500_425_QEPB04081__129__15-50-27-302.txt,1044,220.843,1015.12,1265507.2035,36741,504.934,1568.3898467433
130,500_425_QEPB04081__130__15-50-28-302.txt,1044,220.843,1015.12,1265798.96874,36687.12,504.934,1568.74931034482
131,500_425_QEPB04081__131__15-50-29-300.txt,1044,220.843,1015.12,1264741.26576,36786.38,504.934,1567.42980842912
132,500_425_QEPB04081__132__15-50-30-294.txt,1044,220.843,1015.12,1265287.78025,36698.25,504.934,1568.11877394636
133,500_425_QEPB04081__133__15-50-31-297.txt,1044,220.843,1015.12,1264672.0245,36730.5,504.934,1567.34578544061
134,500_425_QEPB04081__134__15-50-32-293.txt,1044,220.843,1015.12,1265262.39424,36784.12,504.934,1568.08839080459
135,500_425_QEPB04081__135__15-50-33-301.txt,1044,220.843,1015.12,1264816.9015,36739.5,504.934,1567.5316091954
136,500_425_QEPB04081__136__15-50-34-308.txt,1044,220.843,1015.12,1264996.826,36655.5,505.707,1567.76724137931
137,500_425_QEPB04081__137__15-50-35-303.txt,1044,220.843,1015.12,1265423.18425,36777.25,504.934,1568.30555555556
138,500_425_QEPB04081__138__15-50-36-292.txt,1044,220.843,1015.12,1264498.71625,36715.25,504.934,1567.14559386973
139,500_425_QEPB04081__139__15-50-37-292.txt,1044,220.843,1015.12,1264659.918,36728.5,504.934,1567.34865900383
140,500_425_QEPB04081__140__15-50-38-306.txt,1044,220.843,1015.12,1264792.35874,36677.62,504.934,1567.52038314176
141,500_425_QEPB04081__141__15-50-39-301.txt,1044,220.843,1015.12,1263880.12775,36653.25,504.934,1566.38314176245
142,500_425_QEPB04081__142__15-50-40-295.txt,1044,220.843,1015.12,1263844.37125,36649.25,505.707,1566.33620689655
143,500_425_QEPB04081__143__15-50-41-296.txt,1044,220.843,1015.12,1264364.877,36643.5,505.707,1566.98946360153
144,500_425_QEPB04081__144__15-50-42-296.txt,1044,220.843,1015.12,1263105.01226,36672.88,505.707,1565.41831417625
145,500_425_QEPB04081__145__15-50-43-297.txt,1044,220.843,1015.12,1264337.56925,36693.75,504.934,1566.95785440613
146,500_425_QEPB04081__146__15-50-44-290.txt,1044,220.843,1015.12,1263677.49074,36628.12,504.934,1566.13245210728
147,500_425_QEPB04081__147__15-50-45-286.txt,1044,220.843,1015.12,1263432.25676,36624.38,504.934,1565.8321072797
148,500_425_QEPB04081__148__15-50-46-282.txt,1044,220.843,1015.12,1264256.26924,36630.12,504.934,1566.86521072797
149,500_425_QEPB04081__149__15-50-47-276.txt,1044,220.843,1015.12,1264340.96475,36651.75,504.934,1566.96360153257
150,500_425_QEPB04081__150__15-50-48-271.txt,1044,220.843,1015.12,1263770.45424,36575.62,504.934,1566.25697318007
151,500_425_QEPB04081__151__15-50-49-273.txt,1044,220.843,1015.12,1262778.72075,36679.75,504.934,1565.01340996169
152,500_425_QEPB04081__152__15-50-50-268.txt,1044,220.843,1015.12,1262797.85474,36585.12,504.934,1565.04432950191
153,500_425_QEPB04081__153__15-50-51-261.txt,1044,220.843,1015.12,1262911.86674,36558.62,504.934,1565.19375478927
154,500_425_QEPB04081__154__15-50-52-250.txt,1044,220.843,1015.12,1263060.68676,36634.38,504.934,1565.37329501916
155,500_425_QEPB04081__155__15-50-53-244.txt,1044,220.843,1015.12,1263601.61776,36611.88,505.707,1566.0514559387
156,500_425_QEPB04081__156__15-50-54-236.txt,1044,220.843,1015.12,1261905.75924,36561.12,504.934,1563.92651340996
157,500_425_QEPB04081__157__15-50-55-228.txt,1044,220.843,1015.12,1264882.61376,36631.38,504.934,1567.63287356322
158,500_425_QEPB04081__158__15-50-56-217.txt,1044,220.843,1015.12,1153921.61576,33411.88,505.707,1430.10509578544
159,500_425_QEPB04081__159__15-50-57-219.txt,1044,220.843,1015.12,1229890.32524,35685.62,504.934,1524.25601532567
160,500_425_QEPB04081__160__15-50-58-207.txt,1044,220.843,1015.12,1259715.32724,36503.12,504.934,1561.22632183908
161,500_425_QEPB04081__161__15-50-59-207.txt,1044,220.843,1015.12,1262135.85376,36468.38,505.707,1564.23057471265
162,500_425_QEPB04081__162__15-51-00-201.txt,1044,220.843,1015.12,1261818.69526,36583.88,505.707,1563.82636015326
163,500_425_QEPB04081__163__15-51-01-194.txt,1044,220.843,1015.12,1262861.59324,36516.62,504.934,1565.13053639846
164,500_425_QEPB04081__164__15-51-02-183.txt,1044,220.843,1015.12,1262774.27674,36517.62,504.934,1565.02134099617
165,500_425_QEPB04081__165__15-51-03-192.txt,1044,220.843,1015.12,1262108.52176,36498.88,504.934,1564.18842911878
166,500_425_QEPB04081__166__15-51-04-186.txt,1044,220.843,1015.12,1262811.23274,36534.62,504.934,1565.07019157088
167,500_425_QEPB04081__167__15-51-05-185.txt,1044,220.843,1015.12,1262704.513,36485.5,505.707,1564.93869731801
168,500_425_QEPB04081__168__15-51-06-190.txt,1044,220.843,1015.12,1262771.84176,36544.88,504.934,1565.02846743295
169,500_425_QEPB04081__169__15-51-07-180.txt,1044,220.843,1015.12,1262371.44775,36454.25,504.934,1564.52490421456
170,500_425_QEPB04081__170__15-51-08-178.txt,1044,220.843,1015.12,1262396.5,36492.5,504.934,1564.55842911877
171,500_425_QEPB04081__171__15-51-09-177.txt,1044,220.843,1015.12,1261636.5005,36476.5,505.707,1563.60632183908
172,500_425_QEPB04081__172__15-51-10-169.txt,1044,220.843,1015.12,1262139.805,36501,504.934,1564.23659003831
173,500_425_QEPB04081__173__15-51-11-171.txt,1044,220.843,1015.12,1261510.08624,36452.12,504.934,1563.45716475095
174,500_425_QEPB04081__174__15-51-12-169.txt,1044,220.843,1015.12,1261641.6795,36473.5,504.934,1563.62931034483
175,500_425_QEPB04081__175__15-51-13-160.txt,1044,220.843,1015.12,1261453.48275,36437.25,504.934,1563.39272030651
176,500_425_QEPB04081__176__15-51-14-162.txt,1044,220.843,1015.12,1261420.65574,36369.12,505.707,1563.36808429118
177,500_425_QEPB04081__177__15-51-15-153.txt,1044,220.843,1015.12,1261393.284,36426.5,505.707,1563.32279693487
178,500_425_QEPB04081__178__15-51-16-157.txt,1044,220.843,1015.12,1260849.99324,36385.12,504.934,1562.64394636015
179,500_425_QEPB04081__179__15-51-17-149.txt,1044,220.843,1015.12,1262419.2235,36419.5,505.707,1564.59770114943
180,500_425_QEPB04081__180__15-51-18-141.txt,1044,220.843,1015.12,1261164.67974,36324.62,504.934,1563.04432950191
181,500_425_QEPB04081__181__15-51-19-143.txt,1044,220.843,1015.12,1259231.04976,36314.88,505.707,1560.63862068966
182,500_425_QEPB04081__182__15-51-20-147.txt,1044,220.843,1015.12,1259571.39776,36260.38,505.707,1561.06869731801
183,500_425_QEPB04081__183__15-51-21-159.txt,1044,220.843,1015.12,1259226.05524,36292.12,504.934,1560.63819923371
184,500_425_QEPB04081__184__15-51-22-152.txt,1044,220.843,1015.12,1259753.88076,36217.88,504.934,1561.30911877395
185,500_425_QEPB04081__185__15-51-23-141.txt,1044,220.843,1015.12,1259160.78974,36321.12,504.934,1560.558697318
186,500_425_QEPB04081__186__15-51-24-130.txt,1044,220.843,1015.12,1259715.043,36284.5,504.934,1561.25095785441
187,500_425_QEPB04081__187__15-51-25-122.txt,1044,220.843,1015.12,1259075.20176,36192.88,504.934,1560.46716475096
188,500_425_QEPB04081__188__15-51-26-119.txt,1044,220.843,1015.12,1259352.0355,36303,504.934,1560.80747126437
189,500_425_QEPB04081__189__15-51-27-118.txt,1044,220.843,1015.12,1258025.23675,36221.75,504.934,1559.14750957854
190,500_425_QEPB04081__190__15-51-28-113.txt,1044,220.843,1015.12,1258301.978,36209.5,505.707,1559.49712643678
191,500_425_QEPB04081__191__15-51-29-127.txt,1044,220.843,1015.12,1257393.80175,36227.25,504.934,1558.36111111111
192,500_425_QEPB04081__192__15-51-30-124.txt,1044,220.843,1015.12,1258229.29026,36199.38,504.934,1559.41256704981
193,500_425_QEPB04081__193__15-51-31-113.txt,1044,220.843,1015.12,1257760.77275,36202.25,504.934,1558.82950191571
194,500_425_QEPB04081__194__15-51-32-104.txt,1044,220.843,1015.12,1257206.84976,36182.88,505.707,1558.14149425288
195,500_425_QEPB04081__195__15-51-33-095.txt,1044,220.843,1015.12,1257487.18276,36145.38,504.934,1558.49398467433
196,500_425_QEPB04081__196__15-51-34-093.txt,1044,220.843,1015.12,1256482.1985,36165.5,504.934,1557.2346743295
197,500_425_QEPB04081__197__15-51-35-087.txt,1044,220.843,1015.12,1256947.93626,36172.88,505.707,1557.82157088123
198,500_425_QEPB04081__198__15-51-36-090.txt,1044,220.843,1015.12,1256967.62675,36165.75,504.934,1557.84291187739
199,500_425_QEPB04081__199__15-51-37-106.txt,1044,220.843,1015.12,1257182.83676,36129.38,504.934,1558.12137931035
200,500_425_QEPB04081__200__15-51-38-108.txt,1044,220.843,1015.12,1256831.897,36184.5,504.934,1557.6867816092
201,500_425_QEPB04081__201__15-51-39-124.txt,1044,220.843,1015.12,1256815.56425,36122.25,505.707,1557.66379310345
202,500_425_QEPB04081__202__15-51-40-117.txt,1044,220.843,1015.12,1256721.25274,36101.12,505.707,1557.54720306513
203,500_425_QEPB04081__203__15-51-41-115.txt,1044,220.843,1015.12,1256653.77226,36120.38,505.707,1557.46333333334
204,500_425_QEPB04081__204__15-51-42-111.txt,1044,220.843,1015.12,1256122.85226,36144.38,505.707,1556.79858237548
205,500_425_QEPB04081__205__15-51-43-112.txt,1044,220.843,1015.12,1255997.55176,36087.88,505.707,1556.64628352491
206,500_425_QEPB04081__206__15-51-44-103.txt,1044,220.843,1015.12,1256270.05774,36076.12,505.707,1556.98877394636
207,500_425_QEPB04081__207__15-51-45-098.txt,1044,220.843,1015.12,1256065.79075,36081.75,505.707,1556.74329501916
208,500_425_QEPB04081__208__15-51-46-089.txt,1044,220.843,1015.12,1256046.43724,36016.62,505.707,1556.71865900383
209,500_425_QEPB04081__209__15-51-47-100.txt,1044,220.843,1015.12,1255259.5975,36020,505.707,1555.73850574713
210,500_425_QEPB04081__210__15-51-48-099.txt,1044,220.843,1015.12,1254658.59325,36021.75,505.707,1554.98850574713
211,500_425_QEPB04081__211__15-51-49-102.txt,1044,220.843,1015.12,1254980.20524,36035.62,504.934,1555.37957854406
212,500_425_QEPB04081__212__15-51-50-100.txt,1044,220.843,1015.12,1255253.96,36140.5,504.934,1555.73850574713
213,500_425_QEPB04081__213__15-51-51-089.txt,1044,220.843,1015.12,1255220.98625,36006.75,504.934,1555.70019157088
214,500_425_QEPB04081__214__15-51-52-093.txt,1044,220.843,1015.12,1255209.17226,36065.38,504.934,1555.68363984675
215,500_425_QEPB04081__215__15-51-53-095.txt,1044,220.843,1015.12,1255193.20174,36060.12,505.707,1555.67268199233
216,500_425_QEPB04081__216__15-51-54-083.txt,1044,220.843,1015.12,1254835.91624,36063.62,504.934,1555.22057471264
217,500_425_QEPB04081__217__15-51-55-075.txt,1044,220.843,1015.12,1254462.232,36051.5,505.707,1554.75862068966
218,500_425_QEPB04081__218__15-51-56-068.txt,1044,220.843,1015.12,1254328.48924,35974.12,504.934,1554.58743295019
219,500_425_QEPB04081__219__15-51-57-059.txt,1044,220.843,1015.12,1254296.0755,36015.5,504.934,1554.55363984674
220,500_425_QEPB04081__220__15-51-58-069.txt,1044,220.843,1015.12,1255609.0645,36088.5,504.934,1556.19731800766
221,500_425_QEPB04081__221__15-51-59-068.txt,1044,220.843,1015.12,1253689.38975,35989.25,505.707,1553.79789272031
222,500_425_QEPB04081__222__15-52-00-057.txt,1044,220.843,1015.12,1254068.76574,36006.62,504.934,1554.27229885057
223,500_425_QEPB04081__223__15-52-01-060.txt,1044,220.843,1015.12,1253841.278,35968.5,505.707,1553.99329501916
224,500_425_QEPB04081__224__15-52-02-050.txt,1044,220.843,1015.12,1254399.3065,35977,504.934,1554.69157088123
225,500_425_QEPB04081__225__15-52-03-045.txt,1044,220.843,1015.12,1253254.58124,35932.62,505.707,1553.26559386973
226,500_425_QEPB04081__226__15-52-04-060.txt,1044,220.843,1015.12,1253917.00776,35981.88,504.934,1554.09264367816
227,500_425_QEPB04081__227__15-52-05-060.txt,1044,220.843,1015.12,1253237.42975,35995.25,505.707,1553.24137931034
228,500_425_QEPB04081__228__15-52-06-050.txt,1044,220.843,1015.12,1253083.21576,35946.38,505.707,1553.0514559387
229,500_425_QEPB04081__229__15-52-07-044.txt,1044,220.843,1015.12,1253246.12725,35936.25,504.934,1553.25670498084
230,500_425_QEPB04081__230__15-52-08-045.txt,1044,220.843,1015.12,1253546.338,35923.5,505.707,1553.62643678161
231,500_425_QEPB04081__231__15-52-09-040.txt,1044,220.843,1015.12,1252271.70174,35904.12,504.934,1552.04337164751
232,500_425_QEPB04081__232__15-52-10-034.txt,1044,220.843,1015.12,1252982.54674,35932.62,505.707,1552.92842911877
233,500_425_QEPB04081__233__15-52-11-026.txt,1044,220.843,1015.12,1252571.53574,35948.12,504.934,1552.41406130268
234,500_425_QEPB04081__234__15-52-12-017.txt,1044,220.843,1015.12,1252687.427,35951.5,505.707,1552.5632183908
235,500_425_QEPB04081__235__15-52-13-015.txt,1044,220.843,1015.12,1252315.969,36009.5,505.707,1552.09195402299
236,500_425_QEPB04081__236__15-52-14-008.txt,1044,220.843,1015.12,1252668.82376,35954.88,505.707,1552.54570881226
237,500_425_QEPB04081__237__15-52-15-000.txt,1044,220.843,1015.12,1251973.11575,35921.25,505.707,1551.67624521073
238,500_425_QEPB04081__238__15-52-15-997.txt,1044,220.843,1015.12,1252992.3595,35894.5,505.707,1552.94636015326
239,500_425_QEPB04081__239__15-52-16-997.txt,1044,220.843,1015.12,1252032.45976,35924.38,505.707,1551.74973180077
240,500_425_QEPB04081__240__15-52-17-992.txt,1044,220.843,1015.12,1252867.13626,35886.88,504.934,1552.79283524905
241,500_425_QEPB04081__241__15-52-18-983.txt,1044,220.843,1015.12,1176386.0165,33754,505.707,1458.00766283525
242,500_425_QEPB04081__242__15-52-19-983.txt,1044,220.843,1015.12,1163363.03825,33364.75,505.707,1441.86494252874
243,500_425_QEPB04081__243__15-52-20-985.txt,1044,220.843,1015.12,1244951.53524,35700.62,504.934,1542.98206896551
244,500_425_QEPB04081__244__15-52-21-978.txt,1044,220.843,1015.12,1245802.26176,35703.38,505.707,1544.02655172414
245,500_425_QEPB04081__245__15-52-22-994.txt,1044,220.843,1015.12,1246735.94174,35722.12,504.934,1545.18704980843
246,500_425_QEPB04081__246__15-52-23-984.txt,1044,220.843,1015.12,1245606.82875,35751.25,504.934,1543.77298850575
247,500_425_QEPB04081__247__15-52-24-981.txt,1044,220.843,1015.12,1247016.1455,35765.5,504.934,1545.53927203065
248,500_425_QEPB04081__248__15-52-25-993.txt,1044,220.843,1015.12,1247495.42225,35753.75,504.934,1546.13697318008
249,500_425_QEPB04081__249__15-52-26-984.txt,1044,220.843,1015.12,1247519.844,35741.5,504.934,1546.16187739464
250,500_425_QEPB04081__250__15-52-27-984.txt,1044,220.843,1015.12,1247003.68475,35740.25,504.934,1545.51819923372
251,500_425_QEPB04081__251__15-52-29-002.txt,1044,220.843,1015.12,1247450.10075,35679.25,505.707,1546.0775862069
252,500_425_QEPB04081__252__15-52-30-006.txt,1044,220.843,1015.12,1246471.74026,35722.38,504.934,1544.86467432951
253,500_425_QEPB04081__253__15-52-31-012.txt,1044,220.843,1015.12,1247046.62574,35734.62,504.934,1545.56540229885
254,500_425_QEPB04081__254__15-52-32-015.txt,1044,220.843,1015.12,1246560.69624,35716.62,505.707,1544.98206896551
255,500_425_QEPB04081__255__15-52-33-014.txt,1044,220.843,1015.12,1245136.606,35730.5,504.934,1543.19731800766
256,500_425_QEPB04081__256__15-52-34-005.txt,1044,220.843,1015.12,1247062.006,35679.5,505.707,1545.60344827586
257,500_425_QEPB04081__257__15-52-34-996.txt,1044,220.843,1015.12,1246709.5955,35682.5,505.707,1545.16570881226
258,500_425_QEPB04081__258__15-52-35-994.txt,1044,220.843,1015.12,1245597.00325,35594.75,504.934,1543.77681992337
259,500_425_QEPB04081__259__15-52-36-990.txt,1044,220.843,1015.12,1246223.01676,35637.38,504.934,1544.56199233717
260,500_425_QEPB04081__260__15-52-37-984.txt,1044,220.843,1015.12,1245734.24025,35650.75,505.707,1543.94540229885
261,500_425_QEPB04081__261__15-52-38-988.txt,1044,220.843,1015.12,1246018.4235,35600.5,505.707,1544.31130268199
262,500_425_QEPB04081__262__15-52-39-994.txt,1044,220.843,1015.12,1245498.11475,35668.25,504.934,1543.66475095785
263,500_425_QEPB04081__263__15-52-40-988.txt,1044,220.843,1015.12,1245711.6565,35602,505.707,1543.92816091954
264,500_425_QEPB04081__264__15-52-41-989.txt,1044,220.843,1015.12,1246420.6915,35636,505.707,1544.81896551724
265,500_425_QEPB04081__265__15-52-42-980.txt,1044,220.843,1015.12,1244769.72626,35493.38,504.934,1542.76505747127
266,500_425_QEPB04081__266__15-52-43-979.txt,1044,220.843,1015.12,1244134.41975,35576.25,504.934,1541.97796934866
267,500_425_QEPB04081__267__15-52-44-981.txt,1044,220.843,1015.12,1245501.70875,35595.25,505.707,1543.67337164751
268,500_425_QEPB04081__268__15-52-45-979.txt,1044,220.843,1015.12,1245001.02676,35567.88,505.707,1543.05816091954
269,500_425_QEPB04081__269__15-52-46-962.txt,1044,220.843,1015.12,1244199.61626,35559.38,505.707,1542.07827586207
270,500_425_QEPB04081__270__15-52-47-959.txt,1044,220.843,1015.12,1244664.1515,35528,505.707,1542.65038314176
271,500_425_QEPB04081__271__15-52-48-972.txt,1044,220.843,1015.12,1244013.425,35519,505.707,1541.84099616858
272,500_425_QEPB04081__272__15-52-49-966.txt,1044,220.843,1015.12,1243174.66776,35482.38,504.934,1540.79379310345
273,500_425_QEPB04081__273__15-52-50-962.txt,1044,220.843,1015.12,1244435.881,35585,504.934,1542.36685823755
274,500_425_QEPB04081__274__15-52-51-974.txt,1044,220.843,1015.12,1242255.32525,35476.25,505.707,1539.6398467433
275,500_425_QEPB04081__275__15-52-52-967.txt,1044,220.843,1015.12,1242890.92626,35419.38,504.934,1540.44321839081
276,500_425_QEPB04081__276__15-52-53-983.txt,1044,220.843,1015.12,1243251.60476,35485.38,504.934,1540.89245210728
277,500_425_QEPB04081__277__15-52-54-982.txt,1044,220.843,1015.12,1242862.56075,35435.25,505.707,1540.40900383142
278,500_425_QEPB04081__278__15-52-55-975.txt,1044,220.843,1015.12,1242678.38376,35514.38,504.934,1540.18363984675
279,500_425_QEPB04081__279__15-52-56-974.txt,1044,220.843,1015.12,1243411.626,35527,505.707,1541.09865900383
280,500_425_QEPB04081__280__15-52-57-970.txt,1044,220.843,1015.12,1242348.20974,35437.12,505.707,1539.76942528735
281,500_425_QEPB04081__281__15-52-58-964.txt,1044,220.843,1015.12,1241942.84876,35432.38,504.934,1539.27463601533
282,500_425_QEPB04081__282__15-52-59-964.txt,1044,220.843,1015.12,1242419.36925,35433.75,505.707,1539.87260536398
283,500_425_QEPB04081__283__15-53-00-959.txt,1044,220.843,1015.12,1241982.13724,35382.62,505.707,1539.3240229885
284,500_425_QEPB04081__284__15-53-01-959.txt,1044,220.843,1015.12,1241741.86624,35471.12,505.707,1539.01942528735
285,500_425_QEPB04081__285__15-53-02-954.txt,1044,220.843,1015.12,1241077.70276,35445.38,505.707,1538.18555555556
286,500_425_QEPB04081__286__15-53-03-960.txt,1044,220.843,1015.12,1242662.77876,35437.38,505.707,1540.16927203065
287,500_425_QEPB04081__287__15-53-04-955.txt,1044,220.843,1015.12,1242276.252,35472,505.707,1539.69827586207
288,500_425_QEPB04081__288__15-53-05-948.txt,1044,220.843,1015.12,1240600.38676,35369.88,505.707,1537.60413793104
289,500_425_QEPB04081__289__15-53-06-945.txt,1044,220.843,1015.12,1241413.43475,35454.25,505.707,1538.62164750958
290,500_425_QEPB04081__290__15-53-07-936.txt,1044,220.843,1015.12,1240892.84174,35327.62,504.934,1537.9638697318
291,500_425_QEPB04081__291__15-53-08-930.txt,1044,220.843,1015.12,1241365.4615,35320,505.707,1538.56992337165
292,500_425_QEPB04081__292__15-53-09-927.txt,1044,220.843,1015.12,1240404.05974,35403.12,505.707,1537.36808429118
293,500_425_QEPB04081__293__15-53-10-922.txt,1044,220.843,1015.12,1241649.66074,35388.12,505.707,1538.92555555555
294,500_425_QEPB04081__294__15-53-11-915.txt,1044,220.843,1015.12,1240879.9655,35268,505.707,1537.97030651341
295,500_425_QEPB04081__295__15-53-12-910.txt,1044,220.843,1015.12,1241140.63676,35310.88,505.707,1538.29091954023
296,500_425_QEPB04081__296__15-53-13-899.txt,1044,220.843,1015.12,1240763.99874,35312.62,505.707,1537.81923371647
297,500_425_QEPB04081__297__15-53-14-894.txt,1044,220.843,1015.12,1240307.36126,35284.38,505.707,1537.25547892721
298,500_425_QEPB04081__298__15-53-15-887.txt,1044,220.843,1015.12,1239569.55325,35318.25,505.707,1536.33812260536
299,500_425_QEPB04081__299__15-53-16-892.txt,1044,220.843,1015.12,1239812.08625,35277.25,505.707,1536.64176245211
300,500_425_QEPB04081__300__15-53-17-890.txt,1044,220.843,1015.12,1239157.79225,35315.25,505.707,1535.82950191571
301,500_425_QEPB04081__301__15-53-18-884.txt,1044,220.843,1015.12,1239733.741,35250.5,505.707,1536.5469348659
302,500_425_QEPB04081__302__15-53-19-896.txt,1044,220.843,1015.12,1240597.14474,35234.62,504.934,1537.61904214559
303,500_425_QEPB04081__303__15-53-20-894.txt,1044,220.843,1015.12,1239960.7345,35261.5,505.707,1536.82567049808
304,500_425_QEPB04081__304__15-53-21-901.txt,1044,220.843,1015.12,1240204.29576,35281.38,505.707,1537.12808429119
305,500_425_QEPB04081__305__15-53-22-891.txt,1044,220.843,1015.12,1239923.10824,35264.12,505.707,1536.7924137931
306,500_425_QEPB04081__306__15-53-23-882.txt,1044,220.843,1015.12,1192916.44224,33906.62,505.707,1478.52229885057
307,500_425_QEPB04081__307__15-53-24-877.txt,1044,220.843,1015.12,1173740.14874,33397.12,505.707,1454.75026819923
308,500_425_QEPB04081__308__15-53-25-871.txt,1044,220.843,1015.12,1214939.397,34560,505.707,1505.81034482759
309,500_425_QEPB04081__309__15-53-26-865.txt,1044,220.843,1015.12,1236470.26375,35255.25,505.707,1532.50191570881
310,500_425_QEPB04081__310__15-53-27-860.txt,1044,220.843,1015.12,1238254.39125,35300.75,505.707,1534.72126436782
311,500_425_QEPB04081__311__15-53-28-859.txt,1044,220.843,1015.12,1236451.19374,35121.62,504.934,1532.48206896551
312,500_425_QEPB04081__312__15-53-29-860.txt,1044,220.843,1015.12,1237923.35975,35188.25,505.707,1534.30363984674
313,500_425_QEPB04081__313__15-53-30-855.txt,1044,220.843,1015.12,1237521.66024,35196.62,505.707,1533.81061302682
314,500_425_QEPB04081__314__15-53-31-855.txt,1044,220.843,1015.12,1237718.98626,35193.88,505.707,1534.04666666667
315,500_425_QEPB04081__315__15-53-32-846.txt,1044,220.843,1015.12,1237128.26576,35192.38,504.934,1533.31965517242
316,500_425_QEPB04081__316__15-53-33-842.txt,1044,220.843,1015.12,1236468.68476,35081.88,504.934,1532.51218390805
317,500_425_QEPB04081__317__15-53-34-853.txt,1044,220.843,1015.12,1236267.88074,35111.12,505.707,1532.25601532567
318,500_425_QEPB04081__318__15-53-35-848.txt,1044,220.843,1015.12,1236064.73124,35060.62,505.707,1532.00984674329
319,500_425_QEPB04081__319__15-53-36-836.txt,1044,220.843,1015.12,1235789.8275,35096,505.707,1531.66283524904
320,500_425_QEPB04081__320__15-53-37-840.txt,1044,220.843,1015.12,1236383.86626,35094.88,505.707,1532.40873563219
321,500_425_QEPB04081__321__15-53-38-844.txt,1044,220.843,1015.12,1235307.51275,35087.25,505.707,1531.06992337165
322,500_425_QEPB04081__322__15-53-39-838.txt,1044,220.843,1015.12,1234549.48325,35067.75,505.707,1530.1245210728
323,500_425_QEPB04081__323__15-53-40-837.txt,1044,220.843,1015.12,1236748.29475,35087.75,504.934,1532.86111111111
324,500_425_QEPB04081__324__15-53-41-826.txt,1044,220.843,1015.12,1235010.15124,35004.12,505.707,1530.71195402299
325,500_425_QEPB04081__325__15-53-42-819.txt,1044,220.843,1015.12,1234141.17124,34985.62,506.48,1529.63340996168
326,500_425_QEPB04081__326__15-53-43-812.txt,1044,220.843,1015.12,1236920.08125,35109.25,505.707,1533.06992337165
327,500_425_QEPB04081__327__15-53-44-824.txt,1044,220.843,1015.12,1233722.59076,34937.88,504.934,1529.10509578544
328,500_425_QEPB04081__328__15-53-45-813.txt,1044,220.843,1015.12,1235038.98274,35026.62,505.707,1530.74835249042
329,500_425_QEPB04081__329__15-53-46-804.txt,1044,220.843,1015.12,1234732.4865,35011,505.707,1530.37164750958
330,500_425_QEPB04081__330__15-53-47-818.txt,1044,220.843,1015.12,1234430.9345,34961.5,505.707,1529.99425287356
331,500_425_QEPB04081__331__15-53-48-816.txt,1044,220.843,1015.12,1234836.04425,34959.25,505.707,1530.50478927203
332,500_425_QEPB04081__332__15-53-49-816.txt,1044,220.843,1015.12,1234280.62076,34988.88,505.707,1529.81486590039
333,500_425_QEPB04081__333__15-53-50-811.txt,1044,220.843,1015.12,1233829.23725,35073.25,505.707,1529.24521072797
334,500_425_QEPB04081__334__15-53-51-808.txt,1044,220.843,1015.12,1234383.51226,34873.38,505.707,1529.93651340996
335,500_425_QEPB04081__335__15-53-52-807.txt,1044,220.843,1015.12,1234452.459,35010.5,505.707,1530.02011494253
336,500_425_QEPB04081__336__15-53-53-802.txt,1044,220.843,1015.12,1234183.19474,34887.62,506.48,1529.69183908046
337,500_425_QEPB04081__337__15-53-54-804.txt,1044,220.843,1015.12,1234135.2455,34893,505.707,1529.63793103448
338,500_425_QEPB04081__338__15-53-55-798.txt,1044,220.843,1015.12,1233694.73526,34920.38,505.707,1529.08689655173
339,500_425_QEPB04081__339__15-53-56-796.txt,1044,220.843,1015.12,1233362.38826,34920.38,505.707,1528.66927203065
340,500_425_QEPB04081__340__15-53-57-785.txt,1044,220.843,1015.12,1233462.16525,34954.25,505.707,1528.79214559387
341,500_425_QEPB04081__341__15-53-58-774.txt,1044,220.843,1015.12,1234159.00225,34898.25,505.707,1529.6714559387
342,500_425_QEPB04081__342__15-53-59-786.txt,1044,220.843,1015.12,1233346.31726,34878.38,505.707,1528.65490421456
343,500_425_QEPB04081__343__15-54-00-780.txt,1044,220.843,1015.12,1232896.2885,34863,505.707,1528.08812260536
344,500_425_QEPB04081__344__15-54-01-782.txt,1044,220.843,1015.12,1232689.13674,34945.62,505.707,1527.84030651341
345,500_425_QEPB04081__345__15-54-02-796.txt,1044,220.843,1015.12,1231454.22825,34879.25,505.707,1526.29406130268
346,500_425_QEPB04081__346__15-54-03-798.txt,1044,220.843,1015.12,1232843.91226,34772.88,506.48,1528.03996168583
347,500_425_QEPB04081__347__15-54-04-789.txt,1044,220.843,1015.12,1233094.02075,34856.75,505.707,1528.34865900383
348,500_425_QEPB04081__348__15-54-05-787.txt,1044,220.843,1015.12,1232913.354,34849,505.707,1528.12739463602
349,500_425_QEPB04081__349__15-54-06-777.txt,1044,220.843,1015.12,1231575.37876,34860.88,505.707,1526.45088122606
350,500_425_QEPB04081__350__15-54-07-778.txt,1044,220.843,1015.12,1231149.77825,34822.75,505.707,1525.9224137931
351,500_425_QEPB04081__351__15-54-08-772.txt,1044,220.843,1015.12,1231898.14475,34847.75,505.707,1526.86781609195
352,500_425_QEPB04081__352__15-54-09-773.txt,1044,220.843,1015.12,1232054.99574,34802.12,505.707,1527.05486590038
353,500_425_QEPB04081__353__15-54-10-774.txt,1044,220.843,1015.12,1231165.97726,34736.38,505.707,1525.95662835249
354,500_425_QEPB04081__354__15-54-11-774.txt,1044,220.843,1015.12,1231921.58624,34855.12,505.707,1526.90256704981
355,500_425_QEPB04081__355__15-54-12-775.txt,1044,220.843,1015.12,1139138.9915,32141,505.707,1411.88505747126
356,500_425_QEPB04081__356__15-54-13-779.txt,1044,220.843,1015.12,1176767.86776,33169.88,505.707,1458.54379310345
357,500_425_QEPB04081__357__15-54-14-771.txt,1044,220.843,1015.12,1223161.89776,34544.88,505.707,1516.04187739464
358,500_425_QEPB04081__358__15-54-15-775.txt,1044,220.843,1015.12,1227291.01476,34600.38,506.48,1521.15681992337
359,500_425_QEPB04081__359__15-54-16-766.txt,1044,220.843,1015.12,1228767.01526,34680.88,505.707,1522.97865900383
360,500_425_QEPB04081__360__15-54-17-765.txt,1044,220.843,1015.12,1227712.99674,34737.62,505.707,1521.66885057471
361,500_425_QEPB04081__361__15-54-18-766.txt,1044,220.843,1015.12,1227869.3345,34714,505.707,1521.88314176245
362,500_425_QEPB04081__362__15-54-19-758.txt,1044,220.843,1015.12,1227864.54675,34673.25,505.707,1521.85344827586
363,500_425_QEPB04081__363__15-54-20-748.txt,1044,220.843,1015.12,1227658.84676,34640.38,505.707,1521.61180076629
364,500_425_QEPB04081__364__15-54-21-750.txt,1044,220.843,1015.12,1227272.17575,34670.25,505.707,1521.13122605364
365,500_425_QEPB04081__365__15-54-22-752.txt,1044,220.843,1015.12,1226696.919,34668.5,505.707,1520.41666666667
366,500_425_QEPB04081__366__15-54-23-743.txt,1044,220.843,1015.12,1227054.13174,34569.12,505.707,1520.86521072797
367,500_425_QEPB04081__367__15-54-24-745.txt,1044,220.843,1015.12,1227643.3615,34643.5,505.707,1521.60249042146
368,500_425_QEPB04081__368__15-54-25-739.txt,1044,220.843,1015.12,1227429.04675,34576.25,506.48,1521.33429118774
369,500_425_QEPB04081__369__15-54-26-731.txt,1044,220.843,1015.12,1226164.269,34606,505.707,1519.76245210728
370,500_425_QEPB04081__370__15-54-27-748.txt,1044,220.843,1015.12,1226594.30075,34521.75,505.707,1520.30938697318
371,500_425_QEPB04081__371__15-54-28-737.txt,1044,220.843,1015.12,1226567.46276,34510.88,505.707,1520.27846743295
372,500_425_QEPB04081__372__15-54-29-734.txt,1044,220.843,1015.12,1226881.766,34605.5,505.707,1520.66283524904
373,500_425_QEPB04081__373__15-54-30-736.txt,1044,220.843,1015.12,1225753.30075,34547.75,505.707,1519.25287356322
374,500_425_QEPB04081__374__15-54-31-723.txt,1044,220.843,1015.12,1225148.26424,34525.12,505.707,1518.5117624521
375,500_425_QEPB04081__375__15-54-32-722.txt,1044,220.843,1015.12,1225494.9205,34433,505.707,1518.95498084291
376,500_425_QEPB04081__376__15-54-33-730.txt,1044,220.843,1015.12,1225137.11176,34493.88,505.707,1518.49590038314
377,500_425_QEPB04081__377__15-54-34-727.txt,1044,220.843,1015.12,1226940.17326,34535.88,506.48,1520.72674329502
378,500_425_QEPB04081__378__15-54-35-728.txt,1044,220.843,1015.12,1225028.2075,34458.5,505.707,1518.36877394636
379,500_425_QEPB04081__379__15-54-36-728.txt,1044,220.843,1015.12,1223886.00126,34409.38,505.707,1516.93555555556
380,500_425_QEPB04081__380__15-54-37-745.txt,1044,220.843,1015.12,1224471.97875,34403.75,506.48,1517.68965517241
381,500_425_QEPB04081__381__15-54-38-743.txt,1044,220.843,1015.12,1224570.7455,34431.5,505.707,1517.80938697318
382,500_425_QEPB04081__382__15-54-39-741.txt,1044,220.843,1015.12,1223393.72675,34436.75,505.707,1516.33908045977
383,500_425_QEPB04081__383__15-54-40-742.txt,1044,220.843,1015.12,1223686.632,34341,505.707,1516.719348659
384,500_425_QEPB04081__384__15-54-41-748.txt,1044,220.843,1015.12,1223641.54626,34453.38,505.707,1516.65394636016
385,500_425_QEPB04081__385__15-54-42-755.txt,1044,220.843,1015.12,1222945.80676,34395.88,505.707,1515.7861302682
386,500_425_QEPB04081__386__15-54-43-756.txt,1044,220.843,1015.12,1222614.671,34363,505.707,1515.3754789272
387,500_425_QEPB04081__387__15-54-44-748.txt,1044,220.843,1015.12,1222891.28126,34397.38,505.707,1515.72578544062
388,500_425_QEPB04081__388__15-54-45-740.txt,1044,220.843,1015.12,1223379.85075,34342.25,505.707,1516.33429118774
389,500_425_QEPB04081__389__15-54-46-742.txt,1044,220.843,1015.12,1221948.0425,34315,505.707,1514.55459770115
390,500_425_QEPB04081__390__15-54-47-731.txt,1044,220.843,1015.12,1221912.42524,34327.12,505.707,1514.51272030651
391,500_425_QEPB04081__391__15-54-48-729.txt,1044,220.843,1015.12,1224387.79226,34364.88,505.707,1517.59360153257
392,500_425_QEPB04081__392__15-54-49-737.txt,1044,220.843,1015.12,1221522.9615,34252.5,506.48,1514.02394636015
393,500_425_QEPB04081__393__15-54-50-736.txt,1044,220.843,1015.12,1222576.76576,34288.38,505.707,1515.34072796935
394,500_425_QEPB04081__394__15-54-51-741.txt,1044,220.843,1015.12,1222883.68324,34256.62,506.48,1515.72632183908
395,500_425_QEPB04081__395__15-54-52-731.txt,1044,220.843,1015.12,1221147.8,34274,505.707,1513.56800766284
396,500_425_QEPB04081__396__15-54-53-731.txt,1044,220.843,1015.12,1221318.34526,34219.38,506.48,1513.78325670498
397,500_425_QEPB04081__397__15-54-54-726.txt,1044,220.843,1015.12,1222119.70826,34294.38,505.707,1514.77750957855
398,500_425_QEPB04081__398__15-54-55-722.txt,1044,220.843,1015.12,1223036.90726,34355.88,505.707,1515.92214559387
399,500_425_QEPB04081__399__15-54-56-717.txt,1044,220.843,1015.12,1220416.31425,34199.25,505.707,1512.66283524904
400,500_425_QEPB04081__400__15-54-57-728.txt,1044,220.843,1015.12,1221466.00624,34232.62,505.707,1513.97153256705
401,500_425_QEPB04081__401__15-54-58-730.txt,1044,220.843,1015.12,1221440.81826,34179.88,506.48,1513.94321839081
402,500_425_QEPB04081__402__15-54-59-721.txt,1044,220.843,1015.12,1221390.67774,34233.62,505.707,1513.87574712643
403,500_425_QEPB04081__403__15-55-00-733.txt,1044,220.843,1015.12,1220044.44376,34192.88,505.707,1512.20088122606
404,500_425_QEPB04081__404__15-55-01-725.txt,1044,220.843,1015.12,1220845.06525,34270.75,505.707,1513.20593869732
405,500_425_QEPB04081__405__15-55-02-715.txt,1044,220.843,1015.12,1221727.63124,34190.62,506.48,1514.29720306513
406,500_425_QEPB04081__406__15-55-03-705.txt,1044,220.843,1015.12,1221226.09174,34232.62,506.48,1513.66406130268
407,500_425_QEPB04081__407__15-55-04-706.txt,1044,220.843,1015.12,1220256.53075,34174.75,506.48,1512.47796934866
408,500_425_QEPB04081__408__15-55-05-706.txt,1044,220.843,1015.12,1219796.43675,34189.75,505.707,1511.89176245211
409,500_425_QEPB04081__409__15-55-06-701.txt,1044,220.843,1015.12,1220178.90774,34177.12,505.707,1512.38819923371
410,500_425_QEPB04081__410__15-55-07-694.txt,1044,220.843,1015.12,1220753.71325,34177.25,506.48,1513.08620689655
411,500_425_QEPB04081__411__15-55-08-693.txt,1044,220.843,1015.12,1219267.85826,34134.88,506.48,1511.2545210728
412,500_425_QEPB04081__412__15-55-09-688.txt,1044,220.843,1015.12,1221231.80624,34201.12,505.707,1513.68034482758
413,500_425_QEPB04081__413__15-55-10-688.txt,1044,220.843,1015.12,1218277.7855,34094,505.707,1510.01915708812
414,500_425_QEPB04081__414__15-55-11-677.txt,1044,220.843,1015.12,1219784.52,34152,505.707,1511.88505747126
415,500_425_QEPB04081__415__15-55-12-684.txt,1044,220.843,1015.12,1218454.41076,34081.38,505.707,1510.24302681993
416,500_425_QEPB04081__416__15-55-13-679.txt,1044,220.843,1015.12,1221422.154,34207.5,505.707,1513.90804597701
417,500_425_QEPB04081__417__15-55-14-677.txt,1044,220.843,1015.12,1218520.38776,34059.38,506.48,1510.33977011495
418,500_425_QEPB04081__418__15-55-15-687.txt,1044,220.843,1015.12,1178442.906,32940,506.48,1460.64846743295
419,500_425_QEPB04081__419__15-55-16-677.txt,1044,220.843,1015.12,1145454.81775,32008.25,506.48,1419.75670498084
420,500_425_QEPB04081__420__15-55-17-678.txt,1044,220.843,1015.12,1212332.33124,33906.62,505.707,1502.65927203065
421,500_425_QEPB04081__421__15-55-18-672.txt,1044,220.843,1015.12,1214800.22474,33986.12,505.707,1505.71195402299
422,500_425_QEPB04081__422__15-55-19-663.txt,1044,220.843,1015.12,1216355.0195,34005,506.48,1507.64942528736
423,500_425_QEPB04081__423__15-55-20-664.txt,1044,220.843,1015.12,1216340.41126,34022.38,506.48,1507.62329501916
424,500_425_QEPB04081__424__15-55-21-667.txt,1044,220.843,1015.12,1217123.09925,34007.75,506.48,1508.59961685824
425,500_425_QEPB04081__425__15-55-22-670.txt,1044,220.843,1015.12,1216941.01826,33987.38,506.48,1508.37042145594
426,500_425_QEPB04081__426__15-55-23-673.txt,1044,220.843,1015.12,1217020.774,34018,505.707,1508.47509578544
427,500_425_QEPB04081__427__15-55-24-663.txt,1044,220.843,1015.12,1217407.44826,34021.88,505.707,1508.94417624521
428,500_425_QEPB04081__428__15-55-25-654.txt,1044,220.843,1015.12,1216234.41176,33968.38,506.48,1507.49877394636
429,500_425_QEPB04081__429__15-55-26-647.txt,1044,220.843,1015.12,1216909.65974,33982.62,505.707,1508.34126436781
430,500_425_QEPB04081__430__15-55-27-639.txt,1044,220.843,1015.12,1216801.97675,34039.75,505.707,1508.20977011494
431,500_425_QEPB04081__431__15-55-28-631.txt,1044,220.843,1015.12,1216943.6985,34010,506.48,1508.37356321839
432,500_425_QEPB04081__432__15-55-29-622.txt,1044,220.843,1015.12,1217108.1035,33950,506.48,1508.59291187739
433,500_425_QEPB04081__433__15-55-30-625.txt,1044,220.843,1015.12,1215777.55474,33905.12,506.48,1506.93513409961
434,500_425_QEPB04081__434__15-55-31-623.txt,1044,220.843,1015.12,1215211.169,33881,506.48,1506.22892720307
435,500_425_QEPB04081__435__15-55-32-617.txt,1044,220.843,1015.12,1215688.95025,33913.25,505.707,1506.82471264368
436,500_425_QEPB04081__436__15-55-33-619.txt,1044,220.843,1015.12,1215681.8915,33932.5,505.707,1506.82375478927
437,500_425_QEPB04081__437__15-55-34-615.txt,1044,220.843,1015.12,1214898.027,33837,506.48,1505.84578544061
438,500_425_QEPB04081__438__15-55-35-617.txt,1044,220.843,1015.12,1214235.217,33837.5,506.48,1505.03256704981
439,500_425_QEPB04081__439__15-55-36-612.txt,1044,220.843,1015.12,1214196.67376,33855.38,505.707,1504.98440613027
440,500_425_QEPB04081__440__15-55-37-604.txt,1044,220.843,1015.12,1213026.77426,33826.88,506.48,1503.52942528736
441,500_425_QEPB04081__441__15-55-38-597.txt,1044,220.843,1015.12,1213475.41874,33796.62,506.48,1504.09509578544
442,500_425_QEPB04081__442__15-55-39-595.txt,1044,220.843,1015.12,1215557.51024,33840.62,506.48,1506.68896551724
443,500_425_QEPB04081__443__15-55-40-588.txt,1044,220.843,1015.12,1212685.98525,33766.25,506.48,1503.11206896552
444,500_425_QEPB04081__444__15-55-41-605.txt,1044,220.843,1015.12,1212462.24,33762.5,506.48,1502.83908045977
445,500_425_QEPB04081__445__15-55-42-615.txt,1044,220.843,1015.12,1212594.00826,33749.38,506.48,1503.0045210728
446,500_425_QEPB04081__446__15-55-43-609.txt,1044,220.843,1015.12,1212898.87875,33715.25,505.707,1503.39176245211
447,500_425_QEPB04081__447__15-55-44-604.txt,1044,220.843,1015.12,1212572.70776,33677.38,505.707,1502.9738697318
448,500_425_QEPB04081__448__15-55-45-611.txt,1044,220.843,1015.12,1212044.77074,33704.12,506.48,1502.33743295019
449,500_425_QEPB04081__449__15-55-46-604.txt,1044,220.843,1015.12,1211650.65926,33766.38,506.48,1501.83402298851
450,500_425_QEPB04081__450__15-55-47-617.txt,1044,220.843,1015.12,1211698.43775,33671.25,506.48,1501.89655172414
451,500_425_QEPB04081__451__15-55-48-612.txt,1044,220.843,1015.12,1210806.79924,33634.12,506.48,1500.78954022988
452,500_425_QEPB04081__452__15-55-49-611.txt,1044,220.843,1015.12,1210058.43126,33701.88,506.48,1499.85796934866
453,500_425_QEPB04081__453__15-55-50-614.txt,1044,220.843,1015.12,1211207.39076,33651.88,506.48,1501.28421455939
454,500_425_QEPB04081__454__15-55-51-604.txt,1044,220.843,1015.12,1211658.98124,33753.12,506.48,1501.84413793103
455,500_425_QEPB04081__455__15-55-52-610.txt,1044,220.843,1015.12,1209128.9355,33617.5,506.48,1498.71647509579
456,500_425_QEPB04081__456__15-55-53-603.txt,1044,220.843,1015.12,1210320.0515,33660.5,506.48,1500.18869731801
457,500_425_QEPB04081__457__15-55-54-596.txt,1044,220.843,1015.12,1209990.8075,33626,505.707,1499.7969348659
458,500_425_QEPB04081__458__15-55-55-593.txt,1044,220.843,1015.12,1210757.41426,33641.88,506.48,1500.72674329502
459,500_425_QEPB04081__459__15-55-56-592.txt,1044,220.843,1015.12,1209392.905,33583,507.253,1499.04022988506
460,500_425_QEPB04081__460__15-55-57-587.txt,1044,220.843,1015.12,1208302.4565,33561,506.48,1497.6877394636
461,500_425_QEPB04081__461__15-55-58-581.txt,1044,220.843,1015.12,1207814.7505,33531,505.707,1497.08141762452
462,500_425_QEPB04081__462__15-55-59-573.txt,1044,220.843,1015.12,1209507.34174,33584.62,506.48,1499.19088122605
463,500_425_QEPB04081__463__15-56-00-583.txt,1044,220.843,1015.12,1209795.39725,33571.25,506.48,1499.54406130268
464,500_425_QEPB04081__464__15-56-01-580.txt,1044,220.843,1015.12,1208885.58576,33621.88,506.48,1498.40969348659
465,500_425_QEPB04081__465__15-56-02-573.txt,1044,220.843,1015.12,1209057.59026,33507.88,506.48,1498.63766283525
466,500_425_QEPB04081__466__15-56-03-570.txt,1044,220.843,1015.12,1206378.5605,33481,506.48,1495.31992337165
467,500_425_QEPB04081__467__15-56-04-572.txt,1044,220.843,1015.12,1175511.9055,32658,506.48,1457.05938697318
468,500_425_QEPB04081__468__15-56-05-583.txt,1044,220.843,1015.12,1190924.73226,33010.38,506.48,1476.15586206897
469,500_425_QEPB04081__469__15-56-06-576.txt,1044,220.843,1015.12,1209100.42874,33570.62,506.48,1498.68896551724
470,500_425_QEPB04081__470__15-56-07-576.txt,1044,220.843,1015.12,1211933.70124,33693.12,506.48,1502.19662835249
471,500_425_QEPB04081__471__15-56-08-572.txt,1044,220.843,1015.12,1209778.6885,33643.5,506.48,1499.530651341
472,500_425_QEPB04081__472__15-56-09-568.txt,1044,220.843,1015.12,1209008.65374,33533.62,506.48,1498.56252873563
473,500_425_QEPB04081__473__15-56-10-582.txt,1044,220.843,1015.12,1210428.10725,33527.75,505.707,1500.34099616858
474,500_425_QEPB04081__474__15-56-11-575.txt,1044,220.843,1015.12,1209603.6505,33587,506.48,1499.30842911877
475,500_425_QEPB04081__475__15-56-12-574.txt,1044,220.843,1015.12,1208624.8905,33473.5,506.48,1498.10057471264
476,500_425_QEPB04081__476__15-56-13-573.txt,1044,220.843,1015.12,1208677.55025,33498.25,506.48,1498.16283524904
477,500_425_QEPB04081__477__15-56-14-574.txt,1044,220.843,1015.12,1210271.88475,33544.75,506.48,1500.15038314176
478,500_425_QEPB04081__478__15-56-15-574.txt,1044,220.843,1015.12,1211263.3965,33568.5,506.48,1501.37356321839
479,500_425_QEPB04081__479__15-56-16-570.txt,1044,220.843,1015.12,1209787.84126,33502.38,506.48,1499.56007662836
480,500_425_QEPB04081__480__15-56-17-568.txt,1044,220.843,1015.12,1208402.9735,33402.5,506.48,1497.83237547893
481,500_425_QEPB04081__481__15-56-18-565.txt,1044,220.843,1015.12,1208195.71976,33509.38,506.48,1497.57157088123
482,500_425_QEPB04081__482__15-56-19-566.txt,1044,220.843,1015.12,1207317.79324,33414.62,506.48,1496.47153256705
483,500_425_QEPB04081__483__15-56-20-568.txt,1044,220.843,1015.12,1208663.04825,33513.75,506.48,1498.14846743295
484,500_425_QEPB04081__484__15-56-21-565.txt,1044,220.843,1015.12,1206951.23275,33406.75,506.48,1496.01724137931
485,500_425_QEPB04081__485__15-56-22-562.txt,1044,220.843,1015.12,1207316.32274,33413.62,507.253,1496.47536398467
486,500_425_QEPB04081__486__15-56-23-575.txt,1044,220.843,1015.12,1207214.42625,33415.25,507.253,1496.34674329502
487,500_425_QEPB04081__487__15-56-24-575.txt,1044,220.843,1015.12,1208326.47875,33426.75,506.48,1497.74137931034
488,500_425_QEPB04081__488__15-56-25-566.txt,1044,220.843,1015.12,1207593.36776,33400.38,507.253,1496.82827586207
489,500_425_QEPB04081__489__15-56-26-565.txt,1044,220.843,1015.12,1208123.23675,33398.75,506.48,1497.49616858238
490,500_425_QEPB04081__490__15-56-27-577.txt,1044,220.843,1015.12,1208433.7585,33400.5,506.48,1497.87739463602
491,500_425_QEPB04081__491__15-56-28-576.txt,1044,220.843,1015.12,1207452.53176,33394.38,506.48,1496.65586206897
492,500_425_QEPB04081__492__15-56-29-576.txt,1044,220.843,1015.12,1207994.09474,33353.62,506.48,1497.33168582375
493,500_425_QEPB04081__493__15-56-30-584.txt,1044,220.843,1015.12,1206785.83775,33369.75,507.253,1495.82375478927
494,500_425_QEPB04081__494__15-56-31-581.txt,1044,220.843,1015.12,1206871.77974,33349.62,506.48,1495.94279693486
495,500_425_QEPB04081__495__15-56-32-595.txt,1044,220.843,1015.12,1207134.9745,33375,506.48,1496.2662835249
496,500_425_QEPB04081__496__15-56-33-588.txt,1044,220.843,1015.12,1125968.71174,31129.62,506.48,1395.67651340996
497,500_425_QEPB04081__497__15-56-34-581.txt,1044,220.843,1015.12,1133582.09126,31304.38,506.48,1405.0830651341
498,500_425_QEPB04081__498__15-56-35-583.txt,1044,220.843,1015.12,1200129.20376,33083.38,506.48,1487.58593869732
499,500_425_QEPB04081__499__15-56-36-585.txt,1044,220.843,1015.12,1200507.71924,33168.62,506.48,1488.04624521072
500,500_425_QEPB04081__500__15-56-37-587.txt,1044,220.843,1015.12,1203151.17775,33230.75,506.48,1491.32375478927
501,500_425_QEPB04081__501__15-56-38-575.txt,1044,220.843,1015.12,1202732.08674,33229.12,506.48,1490.80965517241
502,500_425_QEPB04081__502__15-56-39-567.txt,1044,220.843,1015.12,1202485.33224,33211.12,506.48,1490.50505747126
503,500_425_QEPB04081__503__15-56-40-581.txt,1044,220.843,1015.12,1202914.98974,33186.62,506.48,1491.04528735632
504,500_425_QEPB04081__504__15-56-41-578.txt,1044,220.843,1015.12,1201814.2805,33151,507.253,1489.6867816092
505,500_425_QEPB04081__505__15-56-42-581.txt,1044,220.843,1015.12,1203059.2715,33163,506.48,1491.22892720307
506,500_425_QEPB04081__506__15-56-43-579.txt,1044,220.843,1015.12,1201711.93274,33207.62,506.48,1489.55582375479
507,500_425_QEPB04081__507__15-56-44-582.txt,1044,220.843,1015.12,1201398.5685,33080,506.48,1489.17337164751
508,500_425_QEPB04081__508__15-56-45-580.txt,1044,220.843,1015.12,1204486.30324,33246.12,506.48,1492.98877394636
509,500_425_QEPB04081__509__15-56-46-586.txt,1044,220.843,1015.12,1200437.01175,33108.25,506.48,1487.97605363985
510,500_425_QEPB04081__510__15-56-47-583.txt,1044,220.843,1015.12,1200737.08675,33037.25,506.48,1488.34865900383
511,500_425_QEPB04081__511__15-56-48-575.txt,1044,220.843,1015.12,1198115.66774,32959.12,506.48,1485.11137931034
512,500_425_QEPB04081__512__15-56-49-593.txt,1044,220.843,1015.12,1199215.87426,33011.38,506.48,1486.46620689655
513,500_425_QEPB04081__513__15-56-50-589.txt,1044,220.843,1015.12,1200275.72224,33009.12,506.48,1487.7761302682
514,500_425_QEPB04081__514__15-56-51-584.txt,1044,220.843,1015.12,1198393.46275,32987.75,506.48,1485.44252873563
515,500_425_QEPB04081__515__15-56-52-580.txt,1044,220.843,1015.12,1198620.70775,32954.25,506.48,1485.72892720307
516,500_425_QEPB04081__516__15-56-53-574.txt,1044,220.843,1015.12,1198280.95375,32921.25,506.48,1485.31417624521
517,500_425_QEPB04081__517__15-56-54-573.txt,1044,220.843,1015.12,1197700.76475,32951.25,506.48,1484.59291187739
518,500_425_QEPB04081__518__15-56-55-562.txt,1044,220.843,1015.12,1196929.91124,32919.62,506.48,1483.64011494253
519,500_425_QEPB04081__519__15-56-56-566.txt,1044,220.843,1015.12,1198306.88376,32859.88,505.707,1485.35222222223
520,500_425_QEPB04081__520__15-56-57-578.txt,1044,220.843,1015.12,1195685.40324,32849.12,507.253,1482.09701149425
521,500_425_QEPB04081__521__15-56-58-568.txt,1044,220.843,1015.12,1196267.15325,32864.25,506.48,1482.81896551724
522,500_425_QEPB04081__522__15-56-59-563.txt,1044,220.843,1015.12,1195957.55874,32834.12,506.48,1482.43609195402
523,500_425_QEPB04081__523__15-57-00-571.txt,1044,220.843,1015.12,1196437.17724,32890.12,506.48,1483.03379310345
524,500_425_QEPB04081__524__15-57-01-563.txt,1044,220.843,1015.12,1195073.966,32853,506.48,1481.33908045977
525,500_425_QEPB04081__525__15-57-02-556.txt,1044,220.843,1015.12,1196365.73524,32843.62,506.48,1482.95333333333
526,500_425_QEPB04081__526__15-57-03-553.txt,1044,220.843,1015.12,1194912.164,32797,507.253,1481.13793103448
527,500_425_QEPB04081__527__15-57-04-560.txt,1044,220.843,1015.12,1195655.54175,32836.75,507.253,1482.0622605364
528,500_425_QEPB04081__528__15-57-05-558.txt,1044,220.843,1015.12,1195172.61174,32779.62,506.48,1481.47344827586
529,500_425_QEPB04081__529__15-57-06-552.txt,1044,220.843,1015.12,1194701.36126,32774.38,506.48,1480.88862068966
530,500_425_QEPB04081__530__15-57-07-548.txt,1044,220.843,1015.12,1195696.11275,32776.75,507.253,1482.12835249042
531,500_425_QEPB04081__531__15-57-08-540.txt,1044,220.843,1015.12,1194970.99274,32798.62,507.253,1481.22536398467
532,500_425_QEPB04081__532__15-57-09-538.txt,1044,220.843,1015.12,1194769.2785,32819,506.48,1480.96743295019
533,500_425_QEPB04081__533__15-57-10-535.txt,1044,220.843,1015.12,1193788.71925,32705.25,507.253,1479.75670498084
534,500_425_QEPB04081__534__15-57-11-543.txt,1044,220.843,1015.12,1193685.037,32716.5,506.48,1479.62164750958
535,500_425_QEPB04081__535__15-57-12-541.txt,1044,220.843,1015.12,1194983.553,32727,506.48,1481.25
536,500_425_QEPB04081__536__15-57-13-541.txt,1044,220.843,1015.12,1193511.40326,32724.88,507.253,1479.40681992337
537,500_425_QEPB04081__537__15-57-14-533.txt,1044,220.843,1015.12,1193315.925,32748,506.48,1479.17049808429
538,500_425_QEPB04081__538__15-57-15-524.txt,1044,220.843,1015.12,1194234.17175,32744.25,506.48,1480.30938697318
539,500_425_QEPB04081__539__15-57-16-541.txt,1044,220.843,1015.12,1194487.8465,32727.5,506.48,1480.63505747126
540,500_425_QEPB04081__540__15-57-17-538.txt,1044,220.843,1015.12,1193794.6215,32713.5,506.48,1479.77203065134
541,500_425_QEPB04081__541__15-57-18-529.txt,1044,220.843,1015.12,1194299.57275,32695.75,507.253,1480.40229885057
542,500_425_QEPB04081__542__15-57-19-522.txt,1044,220.843,1015.12,1192871.04724,32620.12,507.253,1478.62
543,500_425_QEPB04081__543__15-57-20-523.txt,1044,220.843,1015.12,1193537.90224,32648.62,506.48,1479.46099616858
544,500_425_QEPB04081__544__15-57-21-516.txt,1044,220.843,1015.12,1192507.62326,32626.88,507.253,1478.16927203065
545,500_425_QEPB04081__545__15-57-22-509.txt,1044,220.843,1015.12,1190357.29024,32538.12,507.253,1475.50888888889
546,500_425_QEPB04081__546__15-57-23-504.txt,1044,220.843,1015.12,1192970.23474,32663.12,506.48,1478.75026819923
547,500_425_QEPB04081__547__15-57-24-505.txt,1044,220.843,1015.12,1191909.80376,32629.88,506.48,1477.43172413793
548,500_425_QEPB04081__548__15-57-25-510.txt,1044,220.843,1015.12,1192173.35625,32573.25,507.253,1477.76819923372
549,500_425_QEPB04081__549__15-57-26-508.txt,1044,220.843,1015.12,1192924.99026,32605.38,508.027,1478.70183908046
550,500_425_QEPB04081__550__15-57-27-501.txt,1044,220.843,1015.12,1194700.7305,32661.5,506.48,1480.90325670498
551,500_425_QEPB04081__551__15-57-28-498.txt,1044,220.843,1015.12,1192252.076,32585.5,506.48,1477.86781609195
552,500_425_QEPB04081__552__15-57-29-510.txt,1044,220.843,1015.12,1192173.738,32610,506.48,1477.76436781609
553,500_425_QEPB04081__553__15-57-30-505.txt,1044,220.843,1015.12,1191027.05925,32619.75,507.253,1476.33524904215
554,500_425_QEPB04081__554__15-57-31-504.txt,1044,220.843,1015.12,1189589.69024,32500.12,506.48,1474.56444444444
555,500_425_QEPB04081__555__15-57-32-498.txt,1044,220.843,1015.12,1190444.76274,32515.12,506.48,1475.62383141762
556,500_425_QEPB04081__556__15-57-33-488.txt,1044,220.843,1015.12,1190900.78974,32552.12,507.253,1476.19088122605
557,500_425_QEPB04081__557__15-57-34-484.txt,1044,220.843,1015.12,1191352.75374,32568.12,506.48,1476.7617624521
558,500_425_QEPB04081__558__15-57-35-479.txt,1044,220.843,1015.12,1190978.66524,32506.62,507.253,1476.29049808429
559,500_425_QEPB04081__559__15-57-36-476.txt,1044,220.843,1015.12,1189634.4135,32459,508.027,1474.61494252874
560,500_425_QEPB04081__560__15-57-37-473.txt,1044,220.843,1015.12,1191633.56875,32601.25,507.253,1477.10153256705
561,500_425_QEPB04081__561__15-57-38-464.txt,1044,220.843,1015.12,1190387.88526,32529.88,506.48,1475.55049808429
562,500_425_QEPB04081__562__15-57-39-457.txt,1044,220.843,1015.12,1190478.6415,32468.5,507.253,1475.6877394636
563,500_425_QEPB04081__563__15-57-40-447.txt,1044,220.843,1015.12,1190734.19824,32552.62,506.48,1475.99164750958
564,500_425_QEPB04081__564__15-57-41-437.txt,1044,220.843,1015.12,1190993.10374,32544.12,506.48,1476.30295019157
565,500_425_QEPB04081__565__15-57-42-432.txt,1044,220.843,1015.12,1191240.66724,32518.62,507.253,1476.62191570881
566,500_425_QEPB04081__566__15-57-43-429.txt,1044,220.843,1015.12,1191117.98475,32567.25,507.253,1476.46168582375
567,500_425_QEPB04081__567__15-57-44-420.txt,1044,220.843,1015.12,1190751.274,32580,507.253,1476.00383141762
568,500_425_QEPB04081__568__15-57-45-433.txt,1044,220.843,1015.12,1192564.57076,32532.38,507.253,1478.2698467433
569,500_425_QEPB04081__569__15-57-46-435.txt,1044,220.843,1015.12,1191131.15625,32525.25,508.027,1476.47892720307
570,500_425_QEPB04081__570__15-57-47-439.txt,1044,220.843,1015.12,1191381.0235,32591,507.253,1476.78831417625
571,500_425_QEPB04081__571__15-57-48-453.txt,1044,220.843,1015.12,1191048.62074,32564.12,507.253,1476.37478927203
572,500_425_QEPB04081__572__15-57-49-442.txt,1044,220.843,1015.12,1192527.4475,32563,507.253,1478.2183908046
573,500_425_QEPB04081__573__15-57-50-440.txt,1044,220.843,1015.12,1191388.7725,32555.5,506.48,1476.80268199234
574,500_425_QEPB04081__574__15-57-51-432.txt,1044,220.843,1015.12,1188473.59576,32465.38,507.253,1473.18938697318
575,500_425_QEPB04081__575__15-57-52-434.txt,1044,220.843,1015.12,1191463.70426,32548.88,506.48,1476.88478927203
576,500_425_QEPB04081__576__15-57-53-428.txt,1044,220.843,1015.12,1191056.82924,32595.62,507.253,1476.38915708812
577,500_425_QEPB04081__577__15-57-54-430.txt,1044,220.843,1015.12,1190462.61626,32565.88,506.48,1475.64340996169
578,500_425_QEPB04081__578__15-57-55-422.txt,1044,220.843,1015.12,1189604.43524,32499.12,506.48,1474.589348659
579,500_425_QEPB04081__579__15-57-56-440.txt,1044,220.843,1015.12,1189489.0405,32550,507.253,1474.44444444444
580,500_425_QEPB04081__580__15-57-57-458.txt,1044,220.843,1015.12,1190034.7405,32509.5,506.48,1475.11302681992
581,500_425_QEPB04081__581__15-57-58-449.txt,1044,220.843,1015.12,1190365.4325,32513,507.253,1475.52777777778
582,500_425_QEPB04081__582__15-57-59-440.txt,1044,220.843,1015.12,1189496.98876,32475.88,507.253,1474.44896551724
583,500_425_QEPB04081__583__15-58-00-441.txt,1044,220.843,1015.12,1190373.37225,32457.25,506.48,1475.54214559387
584,500_425_QEPB04081__584__15-58-01-437.txt,1044,220.843,1015.12,1190937.9705,32502.5,506.48,1476.24425287356
585,500_425_QEPB04081__585__15-58-02-439.txt,1044,220.843,1015.12,1190736.02375,32479.75,507.253,1475.99808429119
586,500_425_QEPB04081__586__15-58-03-432.txt,1044,220.843,1015.12,1191103.92176,32521.38,507.253,1476.45279693487
587,500_425_QEPB04081__587__15-58-04-428.txt,1044,220.843,1015.12,1189418.3935,32477.5,507.253,1474.34578544061
588,500_425_QEPB04081__588__15-58-05-421.txt,1044,220.843,1015.12,1189729.82325,32473.75,507.253,1474.7337164751
589,500_425_QEPB04081__589__15-58-06-421.txt,1044,220.843,1015.12,1191299.16875,32485.75,507.253,1476.69827586207
590,500_425_QEPB04081__590__15-58-07-427.txt,1044,220.843,1015.12,1190641.59,32439,508.027,1475.87356321839
591,500_425_QEPB04081__591__15-58-08-427.txt,1044,220.843,1015.12,1190976.03175,32523.25,507.253,1476.28831417625
592,500_425_QEPB04081__592__15-58-09-429.txt,1044,220.843,1015.12,1189557.69974,32457.62,507.253,1474.52325670498
593,500_425_QEPB04081__593__15-58-10-421.txt,1044,220.843,1015.12,1190331.93876,32424.88,507.253,1475.49973180077
594,500_425_QEPB04081__594__15-58-11-430.txt,1044,220.843,1015.12,1190406.66476,32444.88,507.253,1475.59551724138
595,500_425_QEPB04081__595__15-58-12-434.txt,1044,220.843,1015.12,1190020.61326,32496.38,507.253,1475.10701149426
596,500_425_QEPB04081__596__15-58-13-449.txt,1044,220.843,1015.12,1190275.40126,32499.38,507.253,1475.4259770115
597,500_425_QEPB04081__597__15-58-14-442.txt,1044,220.843,1015.12,1190938.56775,32486.75,507.253,1476.25191570881
598,500_425_QEPB04081__598__15-58-15-437.txt,1044,220.843,1015.12,1189313.76525,32462.75,507.253,1474.22030651341
599,500_425_QEPB04081__599__15-58-16-430.txt,1044,220.843,1015.12,1190138.09175,32477.75,506.48,1475.25574712644
600,500_425_QEPB04081__600__15-58-17-429.txt,1044,220.843,1015.12,1190038.16474,32474.62,506.48,1475.13819923371
601,500_425_QEPB04081__601__15-58-18-420.txt,1044,220.843,1015.12,1190331.0105,32511,507.253,1475.50670498084
602,500_425_QEPB04081__602__15-58-19-411.txt,1044,220.843,1015.12,1189333.09376,32481.88,508.027,1474.25068965518
603,500_425_QEPB04081__603__15-58-20-404.txt,1044,220.843,1015.12,1188712.02074,32458.12,506.48,1473.48590038314
604,500_425_QEPB04081__604__15-58-21-395.txt,1044,220.843,1015.12,1188950.61925,32463.25,507.253,1473.7816091954
605,500_425_QEPB04081__605__15-58-22-392.txt,1044,220.843,1015.12,1189194.7525,32379.5,506.48,1474.08812260536
606,500_425_QEPB04081__606__15-58-23-394.txt,1044,220.843,1015.12,1188651.19376,32462.88,506.48,1473.40777777778
607,500_425_QEPB04081__607__15-58-24-395.txt,1044,220.843,1015.12,1189261.00676,32433.38,507.253,1474.17118773947
608,500_425_QEPB04081__608__15-58-25-396.txt,1044,220.843,1015.12,1187199.884,32361.5,507.253,1471.61877394636
609,500_425_QEPB04081__609__15-58-26-402.txt,1044,220.843,1015.12,1187223.20125,32409.75,506.48,1471.65038314176
610,500_425_QEPB04081__610__15-58-27-401.txt,1044,220.843,1015.12,1187002.6955,32349.5,506.48,1471.3745210728
611,500_425_QEPB04081__611__15-58-28-400.txt,1044,220.843,1015.12,1187608.00574,32361.12,507.253,1472.11808429118
612,500_425_QEPB04081__612__15-58-29-407.txt,1044,220.843,1015.12,1188343.50125,32410.75,506.48,1473.04118773946
613,500_425_QEPB04081__613__15-58-30-402.txt,1044,220.843,1015.12,1187406.603,32379,508.027,1471.86685823755
614,500_425_QEPB04081__614__15-58-31-392.txt,1044,220.843,1015.12,1187559.67975,32344.25,507.253,1472.0622605364
615,500_425_QEPB04081__615__15-58-32-404.txt,1044,220.843,1015.12,1190032.67474,32448.12,507.253,1475.12574712643
616,500_425_QEPB04081__616__15-58-33-410.txt,1044,220.843,1015.12,1187088.62525,32358.25,507.253,1471.47988505747
617,500_425_QEPB04081__617__15-58-34-412.txt,1044,220.843,1015.12,1187837.05576,32411.38,506.48,1472.40777777778
618,500_425_QEPB04081__618__15-58-35-413.txt,1044,220.843,1015.12,1188356.75375,32368.75,507.253,1473.05363984674
619,500_425_QEPB04081__619__15-58-36-421.txt,1044,220.843,1015.12,1188038.334,32353.5,508.027,1472.65804597701
620,500_425_QEPB04081__620__15-58-37-423.txt,1044,220.843,1015.12,1188778.65075,32390.75,507.253,1473.58333333333
621,500_425_QEPB04081__621__15-58-38-433.txt,1044,220.843,1015.12,1187744.01674,32394.12,506.48,1472.28954022988
622,500_425_QEPB04081__622__15-58-39-429.txt,1044,220.843,1015.12,1188272.39324,32365.62,506.48,1472.9485440613
623,500_425_QEPB04081__623__15-58-40-428.txt,1044,220.843,1015.12,1188280.10076,32427.88,507.253,1472.96045977012
624,500_425_QEPB04081__624__15-58-41-412.txt,1044,220.843,1015.12,1188532.0995,32387.5,506.48,1473.27011494253
625,500_425_QEPB04081__625__15-58-42-416.txt,1044,220.843,1015.12,1188786.22476,32387.38,507.253,1473.5821072797
626,500_425_QEPB04081__626__15-58-43-419.txt,1044,220.843,1015.12,1189207.1065,32463,506.48,1474.09770114943
627,500_425_QEPB04081__627__15-58-44-419.txt,1044,220.843,1015.12,1189273.61526,32387.88,507.253,1474.19321839081
628,500_425_QEPB04081__628__15-58-45-420.txt,1044,220.843,1015.12,1188131.03476,32361.88,507.253,1472.76409961686
629,500_425_QEPB04081__629__15-58-46-430.txt,1044,220.843,1015.12,1189965.148,32478,507.253,1475.05459770115
630,500_425_QEPB04081__630__15-58-47-423.txt,1044,220.843,1015.12,1189647.80876,32414.38,506.48,1474.65203065134
631,500_425_QEPB04081__631__15-58-48-426.txt,1044,220.843,1015.12,1188448.359,32371,507.253,1473.17528735632
632,500_425_QEPB04081__632__15-58-49-425.txt,1044,220.843,1015.12,1187824.13476,32381.88,507.253,1472.3943678161
633,500_425_QEPB04081__633__15-58-50-430.txt,1044,220.843,1015.12,1188681.39974,32421.12,507.253,1473.46674329502
