Index,File,Points,Lambda_Min,Lambda_Max,Integral,Peak_Value,Peak_Lambda,Mean_Value,Time_HMS
3,500_705_QEPB04081__3__20-45-56-383.txt,1044,220.843,1015.12,1833637.53624,51859.62,504.16,2271.99260536398,2000-01-01 20:45:56
4,500_705_QEPB04081__4__20-45-57-377.txt,1044,220.843,1015.12,1828086.40775,51760.75,504.16,2265.10153256705,2000-01-01 20:45:57
5,500_705_QEPB04081__5__20-45-58-376.txt,1044,220.843,1015.12,1826066.15024,51556.62,504.16,2262.61329501915,2000-01-01 20:45:58
6,500_705_QEPB04081__6__20-45-59-377.txt,1044,220.843,1015.12,1823455.1665,51521,504.16,2259.39367816092,2000-01-01 20:45:59
7,500_705_QEPB04081__7__20-46-00-373.txt,1044,220.843,1015.12,1821466.15075,51361.25,504.16,2256.92816091954,2000-01-01 20:46:00
8,500_705_QEPB04081__8__20-46-01-376.txt,1044,220.843,1015.12,1819396.15476,51372.38,504.16,2254.35509578544,2000-01-01 20:46:01
9,500_705_QEPB04081__9__20-46-02-365.txt,1044,220.843,1015.12,1819133.20274,51282.62,504.16,2254.05103448276,2000-01-01 20:46:02
10,500_705_QEPB04081__10__20-46-03-370.txt,1044,220.843,1015.12,1816399.69175,51318.25,504.16,2250.64176245211,2000-01-01 20:46:03
11,500_705_QEPB04081__11__20-46-04-366.txt,1044,220.843,1015.12,1816715.03526,51218.38,504.16,2251.05337164751,2000-01-01 20:46:04
12,500_705_QEPB04081__12__20-46-05-369.txt,1044,220.843,1015.12,1815152.88475,51234.75,504.16,2249.10823754789,2000-01-01 20:46:05
13,500_705_QEPB04081__13__20-46-06-371.txt,1044,220.843,1015.12,1814557.48026,51169.88,504.16,2248.37425287357,2000-01-01 20:46:06
14,500_705_QEPB04081__14__20-46-07-369.txt,1044,220.843,1015.12,1814586.05825,51190.75,504.16,2248.41091954023,2000-01-01 20:46:07
15,500_705_QEPB04081__15__20-46-08-367.txt,1044,220.843,1015.12,1813916.27726,51247.38,504.16,2247.58785440613,2000-01-01 20:46:08
16,500_705_QEPB04081__16__20-46-09-368.txt,1044,220.843,1015.12,1813469.413,51122,504.16,2247.04406130268,2000-01-01 20:46:09
17,500_705_QEPB04081__17__20-46-10-362.txt,1044,220.843,1015.12,1813062.64425,51111.75,504.16,2246.52490421456,2000-01-01 20:46:10
18,500_705_QEPB04081__18__20-46-11-353.txt,1044,220.843,1015.12,1813108.8715,51087,504.16,2246.58716475096,2000-01-01 20:46:11
19,500_705_QEPB04081__19__20-46-12-345.txt,1044,220.843,1015.12,1812910.63674,51102.62,504.16,2246.34509578544,2000-01-01 20:46:12
20,500_705_QEPB04081__20__20-46-13-337.txt,1044,220.843,1015.12,1683803.42726,47526.38,504.16,2086.35701149426,2000-01-01 20:46:13
21,500_705_QEPB04081__21__20-46-14-341.txt,1044,220.843,1015.12,1678600.912,47416,504.16,2079.91954022989,2000-01-01 20:46:14
22,500_705_QEPB04081__22__20-46-15-333.txt,1044,220.843,1015.12,1702446.35126,48087.88,504.16,2109.46429118774,2000-01-01 20:46:15
23,500_705_QEPB04081__23__20-46-16-335.txt,1044,220.843,1015.12,1748714.94,49357,504.16,2166.79597701149,2000-01-01 20:46:16
24,500_705_QEPB04081__24__20-46-17-332.txt,1044,220.843,1015.12,1768828.27826,49929.38,504.16,2191.72195402299,2000-01-01 20:46:17
25,500_705_QEPB04081__25__20-46-18-334.txt,1044,220.843,1015.12,1747176.36924,49328.62,504.16,2164.88819923371,2000-01-01 20:46:18
26,500_705_QEPB04081__26__20-46-19-323.txt,1044,220.843,1015.12,1775158.70526,50094.38,504.16,2199.57252873563,2000-01-01 20:46:19
27,500_705_QEPB04081__27__20-46-20-318.txt,1044,220.843,1015.12,1781842.33526,50263.38,504.16,2207.85126436782,2000-01-01 20:46:20
28,500_705_QEPB04081__28__20-46-21-310.txt,1044,220.843,1015.12,1800264.16426,50700.38,504.16,2230.67789272031,2000-01-01 20:46:21
29,500_705_QEPB04081__29__20-46-22-301.txt,1044,220.843,1015.12,1800752.45326,50751.88,504.16,2231.26314176245,2000-01-01 20:46:22
30,500_705_QEPB04081__30__20-46-23-302.txt,1044,220.843,1015.12,1802275.703,50768.5,504.16,2233.1724137931,2000-01-01 20:46:23
31,500_705_QEPB04081__31__20-46-24-304.txt,1044,220.843,1015.12,1802679.10175,50776.75,504.16,2233.67624521073,2000-01-01 20:46:24
32,500_705_QEPB04081__32__20-46-25-305.txt,1044,220.843,1015.12,1802400.42,50851,504.16,2233.32088122605,2000-01-01 20:46:25
33,500_705_QEPB04081__33__20-46-26-298.txt,1044,220.843,1015.12,1802316.51474,50778.62,504.16,2233.2138697318,2000-01-01 20:46:26
34,500_705_QEPB04081__34__20-46-27-291.txt,1044,220.843,1015.12,1803011.64526,50792.38,504.16,2234.08785440613,2000-01-01 20:46:27
35,500_705_QEPB04081__35__20-46-28-282.txt,1044,220.843,1015.12,1802932.1585,50839.5,504.16,2233.97605363985,2000-01-01 20:46:28
36,500_705_QEPB04081__36__20-46-29-282.txt,1044,220.843,1015.12,1802701.12924,50837.12,504.16,2233.68609195402,2000-01-01 20:46:29
37,500_705_QEPB04081__37__20-46-30-296.txt,1044,220.843,1015.12,1803206.84376,50818.88,504.16,2234.32540229885,2000-01-01 20:46:30
38,500_705_QEPB04081__38__20-46-31-296.txt,1044,220.843,1015.12,1803792.679,50759,504.16,2235.05842911877,2000-01-01 20:46:31
39,500_705_QEPB04081__39__20-46-32-294.txt,1044,220.843,1015.12,1803713.22126,50818.38,504.16,2234.96333333334,2000-01-01 20:46:32
40,500_705_QEPB04081__40__20-46-33-289.txt,1044,220.843,1015.12,1802897.39126,50707.88,504.16,2233.94896551724,2000-01-01 20:46:33
41,500_705_QEPB04081__41__20-46-34-284.txt,1044,220.843,1015.12,1802653.55025,50726.75,504.16,2233.64846743295,2000-01-01 20:46:34
42,500_705_QEPB04081__42__20-46-35-284.txt,1044,220.843,1015.12,1802170.3795,50683.5,504.16,2233.04885057471,2000-01-01 20:46:35
43,500_705_QEPB04081__43__20-46-36-294.txt,1044,220.843,1015.12,1802778.19675,50641.75,504.16,2233.82567049808,2000-01-01 20:46:36
44,500_705_QEPB04081__44__20-46-37-309.txt,1044,220.843,1015.12,1802506.61,50657.5,504.16,2233.48563218391,2000-01-01 20:46:37
45,500_705_QEPB04081__45__20-46-38-310.txt,1044,220.843,1015.12,1800713.51624,50566.62,504.16,2231.24835249042,2000-01-01 20:46:38
46,500_705_QEPB04081__46__20-46-39-305.txt,1044,220.843,1015.12,1800538.73326,50461.38,504.16,2231.04666666667,2000-01-01 20:46:39
47,500_705_QEPB04081__47__20-46-40-298.txt,1044,220.843,1015.12,1800603.05326,50501.88,504.16,2231.13862068966,2000-01-01 20:46:40
48,500_705_QEPB04081__48__20-46-41-285.txt,1044,220.843,1015.12,1798917.62026,50548.88,504.16,2229.0361302682,2000-01-01 20:46:41
49,500_705_QEPB04081__49__20-46-42-285.txt,1044,220.843,1015.12,1798567.0105,50496,504.16,2228.60727969349,2000-01-01 20:46:42
50,500_705_QEPB04081__50__20-46-43-287.txt,1044,220.843,1015.12,1798381.01324,50430.12,504.16,2228.38436781609,2000-01-01 20:46:43
51,500_705_QEPB04081__51__20-46-44-294.txt,1044,220.843,1015.12,1797454.88226,50310.88,504.16,2227.23249042146,2000-01-01 20:46:44
52,500_705_QEPB04081__52__20-46-45-294.txt,1044,220.843,1015.12,1796264.09324,50361.62,504.16,2225.75218390804,2000-01-01 20:46:45
53,500_705_QEPB04081__53__20-46-46-289.txt,1044,220.843,1015.12,1796951.80874,50372.12,504.16,2226.61425287356,2000-01-01 20:46:46
54,500_705_QEPB04081__54__20-46-47-302.txt,1044,220.843,1015.12,1796173.833,50352,504.16,2225.65517241379,2000-01-01 20:46:47
55,500_705_QEPB04081__55__20-46-48-294.txt,1044,220.843,1015.12,1795603.63824,50274.62,504.16,2224.94279693486,2000-01-01 20:46:48
56,500_705_QEPB04081__56__20-46-49-287.txt,1044,220.843,1015.12,1795344.35926,50248.88,504.16,2224.62808429119,2000-01-01 20:46:49
57,500_705_QEPB04081__57__20-46-50-282.txt,1044,220.843,1015.12,1794670.70676,50253.38,504.16,2223.79570881226,2000-01-01 20:46:50
58,500_705_QEPB04081__58__20-46-51-297.txt,1044,220.843,1015.12,1794405.29974,50251.62,504.16,2223.46003831417,2000-01-01 20:46:51
59,500_705_QEPB04081__59__20-46-52-300.txt,1044,220.843,1015.12,1793585.26174,50248.62,504.16,2222.44471264368,2000-01-01 20:46:52
60,500_705_QEPB04081__60__20-46-53-310.txt,1044,220.843,1015.12,1793817.9255,50240.5,504.16,2222.74904214559,2000-01-01 20:46:53
61,500_705_QEPB04081__61__20-46-54-306.txt,1044,220.843,1015.12,1793340.05425,50209.75,504.16,2222.13888888889,2000-01-01 20:46:54
62,500_705_QEPB04081__62__20-46-55-306.txt,1044,220.843,1015.12,1794095.91624,50189.12,504.16,2223.08647509578,2000-01-01 20:46:55
63,500_705_QEPB04081__63__20-46-56-297.txt,1044,220.843,1015.12,1794065.771,50146.5,504.16,2223.04022988506,2000-01-01 20:46:56
64,500_705_QEPB04081__64__20-46-57-288.txt,1044,220.843,1015.12,1793482.47424,50209.62,504.16,2222.32210727969,2000-01-01 20:46:57
65,500_705_QEPB04081__65__20-46-58-302.txt,1044,220.843,1015.12,1793436.59825,50101.75,504.16,2222.26915708812,2000-01-01 20:46:58
66,500_705_QEPB04081__66__20-46-59-300.txt,1044,220.843,1015.12,1792564.05526,50148.88,504.16,2221.18842911878,2000-01-01 20:46:59
67,500_705_QEPB04081__67__20-47-00-293.txt,1044,220.843,1015.12,1793037.48474,50009.12,504.16,2221.77996168582,2000-01-01 20:47:00
68,500_705_QEPB04081__68__20-47-01-292.txt,1044,220.843,1015.12,1791723.86975,50086.25,504.16,2220.15517241379,2000-01-01 20:47:01
69,500_705_QEPB04081__69__20-47-02-291.txt,1044,220.843,1015.12,1792742.6745,50033.5,504.16,2221.42049808429,2000-01-01 20:47:02
70,500_705_QEPB04081__70__20-47-03-281.txt,1044,220.843,1015.12,1791929.65125,50079.75,504.16,2220.40038314176,2000-01-01 20:47:03
71,500_705_QEPB04081__71__20-47-04-283.txt,1044,220.843,1015.12,1791654.14224,50103.12,504.16,2220.06827586207,2000-01-01 20:47:04
72,500_705_QEPB04081__72__20-47-05-278.txt,1044,220.843,1015.12,1791562.86926,50060.38,504.16,2219.9422605364,2000-01-01 20:47:05
73,500_705_QEPB04081__73__20-47-06-268.txt,1044,220.843,1015.12,1791721.49874,50043.12,504.16,2220.15735632184,2000-01-01 20:47:06
74,500_705_QEPB04081__74__20-47-07-273.txt,1044,220.843,1015.12,1792161.15925,50059.75,504.16,2220.70881226054,2000-01-01 20:47:07
75,500_705_QEPB04081__75__20-47-08-266.txt,1044,220.843,1015.12,1789910.33824,49994.12,504.16,2217.91022988505,2000-01-01 20:47:08
76,500_705_QEPB04081__76__20-47-09-262.txt,1044,220.843,1015.12,1790027.68875,50020.25,504.16,2218.05747126437,2000-01-01 20:47:09
77,500_705_QEPB04081__77__20-47-10-263.txt,1044,220.843,1015.12,1789707.0375,49913,504.16,2217.65900383142,2000-01-01 20:47:10
78,500_705_QEPB04081__78__20-47-11-266.txt,1044,220.843,1015.12,1790185.52025,50031.75,504.16,2218.25,2000-01-01 20:47:11
79,500_705_QEPB04081__79__20-47-12-264.txt,1044,220.843,1015.12,1791219.68676,49935.88,504.16,2219.54570881226,2000-01-01 20:47:12
80,500_705_QEPB04081__80__20-47-13-263.txt,1044,220.843,1015.12,1789656.49475,49963.75,504.16,2217.5938697318,2000-01-01 20:47:13
81,500_705_QEPB04081__81__20-47-14-262.txt,1044,220.843,1015.12,1790246.48975,49946.25,504.16,2218.33045977011,2000-01-01 20:47:14
82,500_705_QEPB04081__82__20-47-15-269.txt,1044,220.843,1015.12,1788656.67176,49974.38,504.16,2216.35509578544,2000-01-01 20:47:15
83,500_705_QEPB04081__83__20-47-16-252.txt,1044,220.843,1015.12,1789811.81874,49924.12,504.16,2217.79337164751,2000-01-01 20:47:16
84,500_705_QEPB04081__84__20-47-17-263.txt,1044,220.843,1015.12,1789604.95975,49924.25,504.16,2217.54310344828,2000-01-01 20:47:17
85,500_705_QEPB04081__85__20-47-18-255.txt,1044,220.843,1015.12,1790392.89,49862,504.16,2218.52777777778,2000-01-01 20:47:18
86,500_705_QEPB04081__86__20-47-19-247.txt,1044,220.843,1015.12,1789429.69476,49857.38,504.16,2217.32444444445,2000-01-01 20:47:19
87,500_705_QEPB04081__87__20-47-20-241.txt,1044,220.843,1015.12,1788779.91824,49890.62,504.16,2216.50984674329,2000-01-01 20:47:20
88,500_705_QEPB04081__88__20-47-21-236.txt,1044,220.843,1015.12,1788751.21024,49895.62,504.16,2216.47632183908,2000-01-01 20:47:21
89,500_705_QEPB04081__89__20-47-22-244.txt,1044,220.843,1015.12,1788304.3335,49852.5,504.16,2215.92049808429,2000-01-01 20:47:22
90,500_705_QEPB04081__90__20-47-23-240.txt,1044,220.843,1015.12,1788215.32024,49888.12,504.16,2215.81731800766,2000-01-01 20:47:23
91,500_705_QEPB04081__91__20-47-24-232.txt,1044,220.843,1015.12,1788495.72674,49857.12,504.16,2216.16980842912,2000-01-01 20:47:24
92,500_705_QEPB04081__92__20-47-25-228.txt,1044,220.843,1015.12,1788945.82176,49855.88,504.16,2216.7229118774,2000-01-01 20:47:25
93,500_705_QEPB04081__93__20-47-26-231.txt,1044,220.843,1015.12,1787909.61726,49931.88,504.16,2215.43842911878,2000-01-01 20:47:26
94,500_705_QEPB04081__94__20-47-27-224.txt,1044,220.843,1015.12,1787936.5065,49765,504.16,2215.47318007663,2000-01-01 20:47:27
95,500_705_QEPB04081__95__20-47-28-212.txt,1044,220.843,1015.12,1787791.19624,49863.62,504.16,2215.28954022988,2000-01-01 20:47:28
96,500_705_QEPB04081__96__20-47-29-208.txt,1044,220.843,1015.12,1787896.08624,49892.62,504.16,2215.41980842912,2000-01-01 20:47:29
97,500_705_QEPB04081__97__20-47-30-201.txt,1044,220.843,1015.12,1787407.03326,49792.38,504.16,2214.82827586207,2000-01-01 20:47:30
98,500_705_QEPB04081__98__20-47-31-201.txt,1044,220.843,1015.12,1785888.61,49699.5,504.934,2212.94540229885,2000-01-01 20:47:31
99,500_705_QEPB04081__99__20-47-32-193.txt,1044,220.843,1015.12,1690254.158,47123.5,504.16,2094.44061302682,2000-01-01 20:47:32
100,500_705_QEPB04081__100__20-47-33-187.txt,1044,220.843,1015.12,1726214.00325,48125.25,504.16,2138.99808429119,2000-01-01 20:47:33
101,500_705_QEPB04081__101__20-47-34-187.txt,1044,220.843,1015.12,1785506.75576,49734.38,504.16,2212.47195402299,2000-01-01 20:47:34
102,500_705_QEPB04081__102__20-47-35-181.txt,1044,220.843,1015.12,1786064.123,49806.5,504.16,2213.14942528736,2000-01-01 20:47:35
103,500_705_QEPB04081__103__20-47-36-174.txt,1044,220.843,1015.12,1786343.75525,49789.75,504.16,2213.5,2000-01-01 20:47:36
104,500_705_QEPB04081__104__20-47-37-165.txt,1044,220.843,1015.12,1787127.22526,49757.88,504.16,2214.47578544062,2000-01-01 20:47:37
105,500_705_QEPB04081__105__20-47-38-155.txt,1044,220.843,1015.12,1786859.38374,49735.12,504.16,2214.14681992337,2000-01-01 20:47:38
106,500_705_QEPB04081__106__20-47-39-160.txt,1044,220.843,1015.12,1786955.55225,49769.75,504.16,2214.26436781609,2000-01-01 20:47:39
107,500_705_QEPB04081__107__20-47-40-148.txt,1044,220.843,1015.12,1787192.57825,49752.25,504.16,2214.5622605364,2000-01-01 20:47:40
108,500_705_QEPB04081__108__20-47-41-140.txt,1044,220.843,1015.12,1787116.87875,49769.75,504.16,2214.46455938697,2000-01-01 20:47:41
109,500_705_QEPB04081__109__20-47-42-137.txt,1044,220.843,1015.12,1786810.29875,49736.25,504.16,2214.08908045977,2000-01-01 20:47:42
110,500_705_QEPB04081__110__20-47-43-136.txt,1044,220.843,1015.12,1787799.60576,49745.38,504.16,2215.31486590039,2000-01-01 20:47:43
111,500_705_QEPB04081__111__20-47-44-140.txt,1044,220.843,1015.12,1786859.23375,49721.25,504.16,2214.15038314176,2000-01-01 20:47:44
112,500_705_QEPB04081__112__20-47-45-130.txt,1044,220.843,1015.12,1787036.131,49706,504.16,2214.37164750958,2000-01-01 20:47:45
113,500_705_QEPB04081__113__20-47-46-123.txt,1044,220.843,1015.12,1786729.55175,49706.75,504.16,2213.99042145594,2000-01-01 20:47:46
114,500_705_QEPB04081__114__20-47-47-112.txt,1044,220.843,1015.12,1785898.91175,49703.75,504.16,2212.95785440613,2000-01-01 20:47:47
115,500_705_QEPB04081__115__20-47-48-110.txt,1044,220.843,1015.12,1786041.77374,49665.12,504.16,2213.14394636015,2000-01-01 20:47:48
116,500_705_QEPB04081__116__20-47-49-106.txt,1044,220.843,1015.12,1785693.35875,49679.75,504.16,2212.70689655172,2000-01-01 20:47:49
117,500_705_QEPB04081__117__20-47-50-097.txt,1044,220.843,1015.12,1784943.71276,49619.88,504.16,2211.7861302682,2000-01-01 20:47:50
118,500_705_QEPB04081__118__20-47-51-090.txt,1044,220.843,1015.12,1785514.14674,49644.62,504.16,2212.50314176245,2000-01-01 20:47:51
119,500_705_QEPB04081__119__20-47-52-084.txt,1044,220.843,1015.12,1784687.61426,49631.88,504.16,2211.46908045977,2000-01-01 20:47:52
120,500_705_QEPB04081__120__20-47-53-077.txt,1044,220.843,1015.12,1783535.51224,49586.62,504.16,2210.03858237548,2000-01-01 20:47:53
121,500_705_QEPB04081__121__20-47-54-091.txt,1044,220.843,1015.12,1784795.00175,49500.75,504.16,2211.60536398467,2000-01-01 20:47:54
122,500_705_QEPB04081__122__20-47-55-087.txt,1044,220.843,1015.12,1784300.71725,49634.25,504.16,2210.98754789272,2000-01-01 20:47:55
123,500_705_QEPB04081__123__20-47-56-081.txt,1044,220.843,1015.12,1784487.78276,49615.88,504.16,2211.22961685824,2000-01-01 20:47:56
124,500_705_QEPB04081__124__20-47-57-079.txt,1044,220.843,1015.12,1782533.59774,49481.62,504.16,2208.80103448276,2000-01-01 20:47:57
125,500_705_QEPB04081__125__20-47-58-078.txt,1044,220.843,1015.12,1782679.11375,49517.75,504.16,2208.9846743295,2000-01-01 20:47:58
126,500_705_QEPB04081__126__20-47-59-076.txt,1044,220.843,1015.12,1783795.392,49530.5,504.16,2210.38601532567,2000-01-01 20:47:59
127,500_705_QEPB04081__127__20-48-00-067.txt,1044,220.843,1015.12,1782357.03776,49483.38,504.16,2208.59934865901,2000-01-01 20:48:00
128,500_705_QEPB04081__128__20-48-01-077.txt,1044,220.843,1015.12,1781618.14275,49429.75,504.16,2207.67624521073,2000-01-01 20:48:01
129,500_705_QEPB04081__129__20-48-02-082.txt,1044,220.843,1015.12,1781205.32926,49453.88,504.16,2207.16735632184,2000-01-01 20:48:02
130,500_705_QEPB04081__130__20-48-03-081.txt,1044,220.843,1015.12,1781605.56626,49476.38,504.16,2207.66927203065,2000-01-01 20:48:03
131,500_705_QEPB04081__131__20-48-04-076.txt,1044,220.843,1015.12,1780605.90475,49379.25,504.16,2206.41570881226,2000-01-01 20:48:04
132,500_705_QEPB04081__132__20-48-05-073.txt,1044,220.843,1015.12,1780534.68075,49367.75,504.16,2206.33333333333,2000-01-01 20:48:05
133,500_705_QEPB04081__133__20-48-06-076.txt,1044,220.843,1015.12,1780163.42526,49430.88,504.16,2205.8790421456,2000-01-01 20:48:06
134,500_705_QEPB04081__134__20-48-07-076.txt,1044,220.843,1015.12,1779945.09374,49262.62,504.16,2205.60275862069,2000-01-01 20:48:07
135,500_705_QEPB04081__135__20-48-08-072.txt,1044,220.843,1015.12,1779971.296,49307,504.934,2205.64176245211,2000-01-01 20:48:08
136,500_705_QEPB04081__136__20-48-09-071.txt,1044,220.843,1015.12,1779731.27475,49355.25,504.16,2205.35249042146,2000-01-01 20:48:09
138,500_705_QEPB04081__138__20-48-10-081.txt,1044,220.843,1015.12,1779515.48775,49224.75,504.16,2205.07471264368,2000-01-01 20:48:10
139,500_705_QEPB04081__139__20-48-11-082.txt,1044,220.843,1015.12,1779019.81925,49316.75,504.16,2204.46264367816,2000-01-01 20:48:11
140,500_705_QEPB04081__140__20-48-12-091.txt,1044,220.843,1015.12,1779323.023,49274.5,504.16,2204.84865900383,2000-01-01 20:48:12
141,500_705_QEPB04081__141__20-48-13-086.txt,1044,220.843,1015.12,1778490.14525,49286.25,504.16,2203.80076628352,2000-01-01 20:48:13
142,500_705_QEPB04081__142__20-48-14-096.txt,1044,220.843,1015.12,1779366.62575,49200.75,504.16,2204.91091954023,2000-01-01 20:48:14
143,500_705_QEPB04081__143__20-48-15-087.txt,1044,220.843,1015.12,1778433.10725,49259.25,504.16,2203.74808429119,2000-01-01 20:48:15
144,500_705_QEPB04081__144__20-48-16-089.txt,1044,220.843,1015.12,1777469.67826,49153.38,504.16,2202.53804597701,2000-01-01 20:48:16
145,500_705_QEPB04081__145__20-48-17-086.txt,1044,220.843,1015.12,1778285.90725,49177.25,504.16,2203.5632183908,2000-01-01 20:48:17
146,500_705_QEPB04081__146__20-48-18-080.txt,1044,220.843,1015.12,1777837.0755,49215,504.16,2203.00574712644,2000-01-01 20:48:18
147,500_705_QEPB04081__147__20-48-19-084.txt,1044,220.843,1015.12,1777712.79475,49251.75,504.16,2202.84578544061,2000-01-01 20:48:19
148,500_705_QEPB04081__148__20-48-20-086.txt,1044,220.843,1015.12,1776620.32925,49170.25,504.16,2201.48754789272,2000-01-01 20:48:20
149,500_705_QEPB04081__149__20-48-21-078.txt,1044,220.843,1015.12,1776914.32574,49129.62,504.16,2201.86233716475,2000-01-01 20:48:21
150,500_705_QEPB04081__150__20-48-22-082.txt,1044,220.843,1015.12,1777133.42574,49083.12,504.934,2202.13915708812,2000-01-01 20:48:22
151,500_705_QEPB04081__151__20-48-23-077.txt,1044,220.843,1015.12,1776837.11325,49187.75,504.16,2201.7662835249,2000-01-01 20:48:23
152,500_705_QEPB04081__152__20-48-24-071.txt,1044,220.843,1015.12,1776427.65726,49159.88,504.16,2201.26314176245,2000-01-01 20:48:24
154,500_705_QEPB04081__154__20-48-25-078.txt,1044,220.843,1015.12,1777510.86775,49114.75,504.16,2202.61781609195,2000-01-01 20:48:25
155,500_705_QEPB04081__155__20-48-26-076.txt,1044,220.843,1015.12,1777284.51024,49162.12,504.16,2202.33168582375,2000-01-01 20:48:26
156,500_705_QEPB04081__156__20-48-27-072.txt,1044,220.843,1015.12,1775375.77626,49027.88,504.16,2199.95854406131,2000-01-01 20:48:27
157,500_705_QEPB04081__157__20-48-28-067.txt,1044,220.843,1015.12,1775439.05426,49166.38,504.16,2200.04954022989,2000-01-01 20:48:28
158,500_705_QEPB04081__158__20-48-29-064.txt,1044,220.843,1015.12,1775146.772,49144,504.16,2199.68199233716,2000-01-01 20:48:29
159,500_705_QEPB04081__159__20-48-30-053.txt,1044,220.843,1015.12,1607859.8975,44502.5,504.16,1992.39176245211,2000-01-01 20:48:30
160,500_705_QEPB04081__160__20-48-31-057.txt,1044,220.843,1015.12,1598668.84526,44281.88,504.16,1980.99781609196,2000-01-01 20:48:31
161,500_705_QEPB04081__161__20-48-32-046.txt,1044,220.843,1015.12,1763455.01024,48758.62,504.16,2185.20141762452,2000-01-01 20:48:32
162,500_705_QEPB04081__162__20-48-33-049.txt,1044,220.843,1015.12,1766301.46576,48833.38,504.16,2188.72674329502,2000-01-01 20:48:33
163,500_705_QEPB04081__163__20-48-34-041.txt,1044,220.843,1015.12,1766660.53476,48798.88,504.16,2189.16256704981,2000-01-01 20:48:34
164,500_705_QEPB04081__164__20-48-35-033.txt,1044,220.843,1015.12,1768168.30576,48848.38,504.16,2191.04283524904,2000-01-01 20:48:35
165,500_705_QEPB04081__165__20-48-36-029.txt,1044,220.843,1015.12,1767827.54224,48830.62,504.934,2190.61329501915,2000-01-01 20:48:36
166,500_705_QEPB04081__166__20-48-37-014.txt,1044,220.843,1015.12,1769686.14126,48927.88,504.16,2192.93076628353,2000-01-01 20:48:37
167,500_705_QEPB04081__167__20-48-38-035.txt,1044,220.843,1015.12,1768685.483,48865,504.934,2191.67911877395,2000-01-01 20:48:38
168,500_705_QEPB04081__168__20-48-39-029.txt,1044,220.843,1015.12,1769047.80126,48895.88,504.16,2192.14436781609,2000-01-01 20:48:39
169,500_705_QEPB04081__169__20-48-40-025.txt,1044,220.843,1015.12,1768920.91576,48871.38,504.16,2191.97865900383,2000-01-01 20:48:40
170,500_705_QEPB04081__170__20-48-41-026.txt,1044,220.843,1015.12,1768804.3065,48907,504.16,2191.82950191571,2000-01-01 20:48:41
171,500_705_QEPB04081__171__20-48-42-016.txt,1044,220.843,1015.12,1768258.43224,48818.62,504.16,2191.14586206896,2000-01-01 20:48:42
172,500_705_QEPB04081__172__20-48-43-033.txt,1044,220.843,1015.12,1768250.07475,48847.25,504.16,2191.13314176245,2000-01-01 20:48:43
173,500_705_QEPB04081__173__20-48-44-026.txt,1044,220.843,1015.12,1768936.02676,48857.88,504.934,2191.99302681993,2000-01-01 20:48:44
174,500_705_QEPB04081__174__20-48-45-026.txt,1044,220.843,1015.12,1768984.691,48798,504.16,2192.07183908046,2000-01-01 20:48:45
175,500_705_QEPB04081__175__20-48-46-036.txt,1044,220.843,1015.12,1767813.62375,48769.75,504.16,2190.60632183908,2000-01-01 20:48:46
177,500_705_QEPB04081__177__20-48-47-058.txt,1044,220.843,1015.12,1768054.529,48776,504.934,2190.90996168582,2000-01-01 20:48:47
178,500_705_QEPB04081__178__20-48-48-054.txt,1044,220.843,1015.12,1766838.33775,48744.75,504.16,2189.39942528736,2000-01-01 20:48:48
179,500_705_QEPB04081__179__20-48-49-051.txt,1044,220.843,1015.12,1766868.12,48694.5,504.934,2189.43295019157,2000-01-01 20:48:49
181,500_705_QEPB04081__181__20-48-50-068.txt,1044,220.843,1015.12,1767367.0315,48738.5,504.934,2190.06896551724,2000-01-01 20:48:50
183,500_705_QEPB04081__183__20-48-51-079.txt,1044,220.843,1015.12,1766756.18775,48720.25,504.16,2189.29214559387,2000-01-01 20:48:51
184,500_705_QEPB04081__184__20-48-52-071.txt,1044,220.843,1015.12,1765019.5625,48727.5,504.16,2187.14463601533,2000-01-01 20:48:52
185,500_705_QEPB04081__185__20-48-53-085.txt,1044,220.843,1015.12,1766358.30075,48711.25,504.16,2188.81800766284,2000-01-01 20:48:53
186,500_705_QEPB04081__186__20-48-54-083.txt,1044,220.843,1015.12,1765410.14275,48651.25,504.934,2187.62931034483,2000-01-01 20:48:54
187,500_705_QEPB04081__187__20-48-55-083.txt,1044,220.843,1015.12,1767035.36225,48653.25,504.16,2189.65708812261,2000-01-01 20:48:55
188,500_705_QEPB04081__188__20-48-56-075.txt,1044,220.843,1015.12,1765451.192,48576,504.16,2187.69348659004,2000-01-01 20:48:56
189,500_705_QEPB04081__189__20-48-57-065.txt,1044,220.843,1015.12,1766081.16224,48686.12,504.16,2188.47440613027,2000-01-01 20:48:57
190,500_705_QEPB04081__190__20-48-58-060.txt,1044,220.843,1015.12,1766232.80424,48542.12,504.16,2188.66406130268,2000-01-01 20:48:58
217,500_705_QEPB04081__217__20-48-59-491.txt,1044,220.843,1015.12,1765229.65724,48616.62,504.16,2187.42842911877,2000-01-01 20:48:59
218,500_705_QEPB04081__218__20-49-00-485.txt,1044,220.843,1015.12,1765094.24774,48561.62,504.934,2187.25122605364,2000-01-01 20:49:00
219,500_705_QEPB04081__219__20-49-01-480.txt,1044,220.843,1015.12,1765909.38274,48608.62,504.16,2188.2770881226,2000-01-01 20:49:01
220,500_705_QEPB04081__220__20-49-02-481.txt,1044,220.843,1015.12,1764614.05426,48546.38,504.934,2186.67980842912,2000-01-01 20:49:02
221,500_705_QEPB04081__221__20-49-03-480.txt,1044,220.843,1015.12,1763918.6735,48529.5,504.934,2185.80842911877,2000-01-01 20:49:03
222,500_705_QEPB04081__222__20-49-04-471.txt,1044,220.843,1015.12,1762546.75,48515,504.934,2184.08908045977,2000-01-01 20:49:04
223,500_705_QEPB04081__223__20-49-05-465.txt,1044,220.843,1015.12,1764068.04424,48508.62,504.16,2185.99643678161,2000-01-01 20:49:05
224,500_705_QEPB04081__224__20-49-06-455.txt,1044,220.843,1015.12,1763415.547,48494.5,504.16,2185.1867816092,2000-01-01 20:49:06
226,500_705_QEPB04081__226__20-49-07-473.txt,1044,220.843,1015.12,1762556.582,48487.5,504.16,2184.1101532567,2000-01-01 20:49:07
227,500_705_QEPB04081__227__20-49-08-472.txt,1044,220.843,1015.12,1763040.98425,48506.25,504.16,2184.72413793103,2000-01-01 20:49:08
228,500_705_QEPB04081__228__20-49-09-465.txt,1044,220.843,1015.12,1762217.53626,48441.38,504.934,2183.68747126437,2000-01-01 20:49:09
229,500_705_QEPB04081__229__20-49-10-463.txt,1044,220.843,1015.12,1762108.45825,48487.75,504.16,2183.56130268199,2000-01-01 20:49:10
231,500_705_QEPB04081__231__20-49-11-470.txt,1044,220.843,1015.12,1761693.26376,48432.88,504.16,2183.04666666667,2000-01-01 20:49:11
232,500_705_QEPB04081__232__20-49-12-473.txt,1044,220.843,1015.12,1761537.65924,48393.12,504.934,2182.86233716475,2000-01-01 20:49:12
233,500_705_QEPB04081__233__20-49-13-474.txt,1044,220.843,1015.12,1761317.63775,48424.75,504.934,2182.58333333333,2000-01-01 20:49:13
235,500_705_QEPB04081__235__20-49-14-490.txt,1044,220.843,1015.12,1761386.2095,48398,504.16,2182.67432950192,2000-01-01 20:49:14
236,500_705_QEPB04081__236__20-49-15-483.txt,1044,220.843,1015.12,1760838.12174,48385.12,504.934,2181.99260536398,2000-01-01 20:49:15
237,500_705_QEPB04081__237__20-49-16-477.txt,1044,220.843,1015.12,1760956.27074,48435.62,504.934,2182.13436781609,2000-01-01 20:49:16
238,500_705_QEPB04081__238__20-49-17-467.txt,1044,220.843,1015.12,1760222.22625,48302.75,504.16,2181.22892720307,2000-01-01 20:49:17
239,500_705_QEPB04081__239__20-49-18-465.txt,1044,220.843,1015.12,1750868.54874,48062.12,504.16,2169.64107279693,2000-01-01 20:49:18
240,500_705_QEPB04081__240__20-49-19-468.txt,1044,220.843,1015.12,1642419.49224,45146.62,504.934,2035.24835249042,2000-01-01 20:49:19
241,500_705_QEPB04081__241__20-49-20-464.txt,1044,220.843,1015.12,1687060.49176,46332.38,504.16,2090.56582375479,2000-01-01 20:49:20
242,500_705_QEPB04081__242__20-49-21-478.txt,1044,220.843,1015.12,1751091.99925,48085.25,504.16,2169.91187739464,2000-01-01 20:49:21
243,500_705_QEPB04081__243__20-49-22-475.txt,1044,220.843,1015.12,1757182.67774,48209.12,504.934,2177.47057471264,2000-01-01 20:49:22
244,500_705_QEPB04081__244__20-49-23-469.txt,1044,220.843,1015.12,1759762.65374,48354.12,504.16,2180.67076628352,2000-01-01 20:49:23
245,500_705_QEPB04081__245__20-49-24-460.txt,1044,220.843,1015.12,1756793.72,48211,504.934,2176.98659003831,2000-01-01 20:49:24
246,500_705_QEPB04081__246__20-49-25-461.txt,1044,220.843,1015.12,1757512.658,48239.5,504.934,2177.87068965517,2000-01-01 20:49:25
248,500_705_QEPB04081__248__20-49-26-475.txt,1044,220.843,1015.12,1757463.8385,48273.5,504.934,2177.8122605364,2000-01-01 20:49:26
249,500_705_QEPB04081__249__20-49-27-475.txt,1044,220.843,1015.12,1758862.02126,48237.88,504.934,2179.55241379311,2000-01-01 20:49:27
250,500_705_QEPB04081__250__20-49-28-471.txt,1044,220.843,1015.12,1758031.45274,48272.62,504.934,2178.51846743295,2000-01-01 20:49:28
251,500_705_QEPB04081__251__20-49-29-462.txt,1044,220.843,1015.12,1758125.3535,48224,504.16,2178.64176245211,2000-01-01 20:49:29
252,500_705_QEPB04081__252__20-49-30-453.txt,1044,220.843,1015.12,1758741.57,48305.5,504.934,2179.40325670498,2000-01-01 20:49:30
253,500_705_QEPB04081__253__20-49-31-450.txt,1044,220.843,1015.12,1757784.31474,48199.12,504.934,2178.23877394636,2000-01-01 20:49:31
254,500_705_QEPB04081__254__20-49-32-441.txt,1044,220.843,1015.12,1757279.63975,48152.75,504.934,2177.59961685824,2000-01-01 20:49:32
255,500_705_QEPB04081__255__20-49-33-443.txt,1044,220.843,1015.12,1757477.38375,48157.75,504.934,2177.85823754789,2000-01-01 20:49:33
256,500_705_QEPB04081__256__20-49-34-437.txt,1044,220.843,1015.12,1756862.92674,48129.62,504.934,2177.08168582375,2000-01-01 20:49:34
257,500_705_QEPB04081__257__20-49-35-429.txt,1044,220.843,1015.12,1756156.10025,48206.75,504.934,2176.20881226054,2000-01-01 20:49:35
258,500_705_QEPB04081__258__20-49-36-417.txt,1044,220.843,1015.12,1755243.62525,48055.25,504.934,2175.07567049808,2000-01-01 20:49:36
259,500_705_QEPB04081__259__20-49-37-424.txt,1044,220.843,1015.12,1754809.25175,48034.25,504.16,2174.54214559387,2000-01-01 20:49:37
260,500_705_QEPB04081__260__20-49-38-421.txt,1044,220.843,1015.12,1755275.06,47981.5,504.934,2175.12164750958,2000-01-01 20:49:38
261,500_705_QEPB04081__261__20-49-39-414.txt,1044,220.843,1015.12,1755988.73876,48028.88,504.934,2176.01314176245,2000-01-01 20:49:39
262,500_705_QEPB04081__262__20-49-40-402.txt,1044,220.843,1015.12,1754488.52126,48008.88,504.934,2174.15490421456,2000-01-01 20:49:40
263,500_705_QEPB04081__263__20-49-41-419.txt,1044,220.843,1015.12,1754634.55824,47955.62,504.934,2174.34892720306,2000-01-01 20:49:41
264,500_705_QEPB04081__264__20-49-42-434.txt,1044,220.843,1015.12,1753524.10826,47959.88,504.934,2172.96333333334,2000-01-01 20:49:42
265,500_705_QEPB04081__265__20-49-43-434.txt,1044,220.843,1015.12,1753640.19174,47952.62,504.934,2173.1046743295,2000-01-01 20:49:43
266,500_705_QEPB04081__266__20-49-44-427.txt,1044,220.843,1015.12,1753099.57826,47907.88,504.934,2172.45567049809,2000-01-01 20:49:44
267,500_705_QEPB04081__267__20-49-45-434.txt,1044,220.843,1015.12,1752058.79376,47952.88,504.934,2171.15394636016,2000-01-01 20:49:45
268,500_705_QEPB04081__268__20-49-46-433.txt,1044,220.843,1015.12,1752638.73525,47894.25,504.934,2171.87835249042,2000-01-01 20:49:46
269,500_705_QEPB04081__269__20-49-47-428.txt,1044,220.843,1015.12,1752454.2535,47831.5,504.934,2171.65421455939,2000-01-01 20:49:47
270,500_705_QEPB04081__270__20-49-48-430.txt,1044,220.843,1015.12,1751226.29974,47829.12,504.934,2170.11712643678,2000-01-01 20:49:48
271,500_705_QEPB04081__271__20-49-49-427.txt,1044,220.843,1015.12,1750662.4735,47931,504.934,2169.42911877395,2000-01-01 20:49:49
272,500_705_QEPB04081__272__20-49-50-426.txt,1044,220.843,1015.12,1751220.61374,47806.12,504.934,2170.12383141762,2000-01-01 20:49:50
273,500_705_QEPB04081__273__20-49-51-422.txt,1044,220.843,1015.12,1749854.013,47803,504.934,2168.42720306513,2000-01-01 20:49:51
274,500_705_QEPB04081__274__20-49-52-416.txt,1044,220.843,1015.12,1749158.699,47787,504.934,2167.56609195402,2000-01-01 20:49:52
275,500_705_QEPB04081__275__20-49-53-415.txt,1044,220.843,1015.12,1749353.14474,47665.62,505.707,2167.80486590038,2000-01-01 20:49:53
276,500_705_QEPB04081__276__20-49-54-412.txt,1044,220.843,1015.12,1748790.56825,47697.25,504.934,2167.11877394636,2000-01-01 20:49:54
277,500_705_QEPB04081__277__20-49-55-423.txt,1044,220.843,1015.12,1749257.49326,47710.38,504.934,2167.70088122606,2000-01-01 20:49:55
278,500_705_QEPB04081__278__20-49-56-423.txt,1044,220.843,1015.12,1749187.32725,47702.25,504.934,2167.61494252874,2000-01-01 20:49:56
279,500_705_QEPB04081__279__20-49-57-419.txt,1044,220.843,1015.12,1747939.66724,47696.12,504.934,2166.06636015325,2000-01-01 20:49:57
280,500_705_QEPB04081__280__20-49-58-423.txt,1044,220.843,1015.12,1747055.31926,47610.38,504.934,2164.96141762452,2000-01-01 20:49:58
281,500_705_QEPB04081__281__20-49-59-414.txt,1044,220.843,1015.12,1747339.7035,47617,504.934,2165.32279693487,2000-01-01 20:49:59
283,500_705_QEPB04081__283__20-50-00-430.txt,1044,220.843,1015.12,1747188.21176,47603.88,504.16,2165.13670498085,2000-01-01 20:50:00
284,500_705_QEPB04081__284__20-50-01-432.txt,1044,220.843,1015.12,1746979.17976,47707.88,504.934,2164.87712643678,2000-01-01 20:50:01
285,500_705_QEPB04081__285__20-50-02-426.txt,1044,220.843,1015.12,1746140.87326,47580.38,504.934,2163.83498084291,2000-01-01 20:50:02
286,500_705_QEPB04081__286__20-50-03-421.txt,1044,220.843,1015.12,1745783.2935,47613.5,504.934,2163.39176245211,2000-01-01 20:50:03
287,500_705_QEPB04081__287__20-50-04-426.txt,1044,220.843,1015.12,1745452.689,47597.5,504.934,2162.98275862069,2000-01-01 20:50:04
288,500_705_QEPB04081__288__20-50-05-418.txt,1044,220.843,1015.12,1745879.84625,47567.75,504.934,2163.51819923372,2000-01-01 20:50:05
289,500_705_QEPB04081__289__20-50-06-412.txt,1044,220.843,1015.12,1744566.53724,47440.12,504.934,2161.88340996168,2000-01-01 20:50:06
290,500_705_QEPB04081__290__20-50-07-403.txt,1044,220.843,1015.12,1745529.91624,47587.12,504.934,2163.09318007663,2000-01-01 20:50:07
291,500_705_QEPB04081__291__20-50-08-398.txt,1044,220.843,1015.12,1745506.94275,47497.25,504.16,2163.06800766284,2000-01-01 20:50:08
292,500_705_QEPB04081__292__20-50-09-400.txt,1044,220.843,1015.12,1746377.08574,47498.62,504.934,2164.13724137931,2000-01-01 20:50:09
293,500_705_QEPB04081__293__20-50-10-398.txt,1044,220.843,1015.12,1743174.5435,47506.5,504.934,2160.16283524904,2000-01-01 20:50:10
295,500_705_QEPB04081__295__20-50-11-403.txt,1044,220.843,1015.12,1744680.97226,47419.88,505.707,2162.04187739464,2000-01-01 20:50:11
296,500_705_QEPB04081__296__20-50-12-400.txt,1044,220.843,1015.12,1744056.338,47503,504.934,2161.26819923372,2000-01-01 20:50:12
297,500_705_QEPB04081__297__20-50-13-392.txt,1044,220.843,1015.12,1743155.48325,47472.25,504.934,2160.13697318008,2000-01-01 20:50:13
299,500_705_QEPB04081__299__20-50-14-414.txt,1044,220.843,1015.12,1744562.01275,47515.25,504.934,2161.90038314176,2000-01-01 20:50:14
300,500_705_QEPB04081__300__20-50-15-406.txt,1044,220.843,1015.12,1743963.55024,47487.12,504.934,2161.15544061302,2000-01-01 20:50:15
301,500_705_QEPB04081__301__20-50-16-408.txt,1044,220.843,1015.12,1742575.35725,47428.75,504.934,2159.42911877395,2000-01-01 20:50:16
302,500_705_QEPB04081__302__20-50-17-400.txt,1044,220.843,1015.12,1743838.00976,47409.88,504.934,2160.99877394636,2000-01-01 20:50:17
303,500_705_QEPB04081__303__20-50-18-404.txt,1044,220.843,1015.12,1744461.29626,47498.88,504.934,2161.7698467433,2000-01-01 20:50:18
305,500_705_QEPB04081__305__20-50-19-415.txt,1044,220.843,1015.12,1706870.50476,46366.88,504.934,2115.18363984675,2000-01-01 20:50:19
306,500_705_QEPB04081__306__20-50-20-428.txt,1044,220.843,1015.12,1673466.46826,45552.38,504.934,2073.78804597701,2000-01-01 20:50:20
307,500_705_QEPB04081__307__20-50-21-428.txt,1044,220.843,1015.12,1734956.00775,47146.25,504.16,2149.98180076628,2000-01-01 20:50:21
309,500_705_QEPB04081__309__20-50-22-453.txt,1044,220.843,1015.12,1701284.3125,46268,504.934,2108.26915708812,2000-01-01 20:50:22
310,500_705_QEPB04081__310__20-50-23-451.txt,1044,220.843,1015.12,1752240.20624,47629.62,505.707,2171.40544061302,2000-01-01 20:50:23
311,500_705_QEPB04081__311__20-50-24-456.txt,1044,220.843,1015.12,1745717.39576,47527.38,504.934,2163.33402298851,2000-01-01 20:50:24
313,500_705_QEPB04081__313__20-50-25-467.txt,1044,220.843,1015.12,1746077.71874,47531.62,504.934,2163.77038314176,2000-01-01 20:50:25
315,500_705_QEPB04081__315__20-50-26-475.txt,1044,220.843,1015.12,1746885.91675,47445.75,504.934,2164.79310344828,2000-01-01 20:50:26
316,500_705_QEPB04081__316__20-50-27-491.txt,1044,220.843,1015.12,1745432.00674,47476.62,505.707,2162.97632183908,2000-01-01 20:50:27
317,500_705_QEPB04081__317__20-50-28-489.txt,1044,220.843,1015.12,1744714.93476,47470.38,504.934,2162.08019157088,2000-01-01 20:50:28
318,500_705_QEPB04081__318__20-50-29-482.txt,1044,220.843,1015.12,1744656.703,47405.5,504.934,2162.01149425287,2000-01-01 20:50:29
319,500_705_QEPB04081__319__20-50-30-475.txt,1044,220.843,1015.12,1745752.30675,47488.75,504.934,2163.37356321839,2000-01-01 20:50:30
320,500_705_QEPB04081__320__20-50-31-466.txt,1044,220.843,1015.12,1745594.73626,47475.38,504.934,2163.18747126437,2000-01-01 20:50:31
321,500_705_QEPB04081__321__20-50-32-460.txt,1044,220.843,1015.12,1743189.93374,47418.12,504.934,2160.20524904214,2000-01-01 20:50:32
323,500_705_QEPB04081__323__20-50-33-472.txt,1044,220.843,1015.12,1744490.279,47406.5,504.934,2161.82567049808,2000-01-01 20:50:33
325,500_705_QEPB04081__325__20-50-34-491.txt,1044,220.843,1015.12,1742809.09474,47369.62,504.934,2159.73398467433,2000-01-01 20:50:34
326,500_705_QEPB04081__326__20-50-35-502.txt,1044,220.843,1015.12,1743304.18775,47366.75,504.934,2160.34865900383,2000-01-01 20:50:35
327,500_705_QEPB04081__327__20-50-36-503.txt,1044,220.843,1015.12,1743082.49724,47300.62,504.934,2160.07498084291,2000-01-01 20:50:36
329,500_705_QEPB04081__329__20-50-37-536.txt,1044,220.843,1015.12,1742422.74726,47293.88,504.934,2159.26218390805,2000-01-01 20:50:37
330,500_705_QEPB04081__330__20-50-38-538.txt,1044,220.843,1015.12,1741903.4625,47220,505.707,2158.62068965517,2000-01-01 20:50:38
331,500_705_QEPB04081__331__20-50-39-531.txt,1044,220.843,1015.12,1741076.65375,47168.25,504.934,2157.60249042146,2000-01-01 20:50:39
332,500_705_QEPB04081__332__20-50-40-529.txt,1044,220.843,1015.12,1740555.10126,47147.88,505.707,2156.95375478928,2000-01-01 20:50:40
334,500_705_QEPB04081__334__20-50-41-556.txt,1044,220.843,1015.12,1740267.94276,47128.38,504.934,2156.58977011495,2000-01-01 20:50:41
335,500_705_QEPB04081__335__20-50-42-568.txt,1044,220.843,1015.12,1739909.9355,47233.5,504.934,2156.15229885057,2000-01-01 20:50:42
336,500_705_QEPB04081__336__20-50-43-562.txt,1044,220.843,1015.12,1740469.77476,47239.88,504.934,2156.84934865901,2000-01-01 20:50:43
337,500_705_QEPB04081__337__20-50-44-560.txt,1044,220.843,1015.12,1739901.64276,47168.38,504.934,2156.13670498085,2000-01-01 20:50:44
339,500_705_QEPB04081__339__20-50-45-569.txt,1044,220.843,1015.12,1740424.372,47149,504.934,2156.79885057471,2000-01-01 20:50:45
340,500_705_QEPB04081__340__20-50-46-570.txt,1044,220.843,1015.12,1740301.42425,47055.75,505.707,2156.6408045977,2000-01-01 20:50:46
341,500_705_QEPB04081__341__20-50-47-559.txt,1044,220.843,1015.12,1738442.82576,47052.88,504.934,2154.34551724138,2000-01-01 20:50:47
342,500_705_QEPB04081__342__20-50-48-559.txt,1044,220.843,1015.12,1739249.30476,46995.88,505.707,2155.34455938698,2000-01-01 20:50:48
344,500_705_QEPB04081__344__20-50-49-570.txt,1044,220.843,1015.12,1739255.066,47057,505.707,2155.35153256705,2000-01-01 20:50:49
345,500_705_QEPB04081__345__20-50-50-575.txt,1044,220.843,1015.12,1738394.31576,47085.38,504.934,2154.29187739464,2000-01-01 20:50:50
346,500_705_QEPB04081__346__20-50-51-576.txt,1044,220.843,1015.12,1737530.17574,46997.62,504.934,2153.21674329502,2000-01-01 20:50:51
348,500_705_QEPB04081__348__20-50-52-589.txt,1044,220.843,1015.12,1737248.39376,47016.38,504.934,2152.86084291188,2000-01-01 20:50:52
349,500_705_QEPB04081__349__20-50-53-595.txt,1044,220.843,1015.12,1736538.67576,46971.38,504.934,2151.99877394636,2000-01-01 20:50:53
350,500_705_QEPB04081__350__20-50-54-590.txt,1044,220.843,1015.12,1736906.85,46931,504.934,2152.44636015326,2000-01-01 20:50:54
351,500_705_QEPB04081__351__20-50-55-592.txt,1044,220.843,1015.12,1736541.02276,46955.38,504.934,2151.98632183908,2000-01-01 20:50:55
353,500_705_QEPB04081__353__20-50-56-604.txt,1044,220.843,1015.12,1737149.002,46940,505.707,2152.75095785441,2000-01-01 20:50:56
354,500_705_QEPB04081__354__20-50-57-602.txt,1044,220.843,1015.12,1736305.42826,46942.88,504.934,2151.70279693487,2000-01-01 20:50:57
355,500_705_QEPB04081__355__20-50-58-603.txt,1044,220.843,1015.12,1736368.03374,46917.12,504.934,2151.78858237548,2000-01-01 20:50:58
356,500_705_QEPB04081__356__20-50-59-604.txt,1044,220.843,1015.12,1735028.78724,46857.62,504.934,2150.12,2000-01-01 20:50:59
357,500_705_QEPB04081__357__20-51-00-596.txt,1044,220.843,1015.12,1734888.59226,46877.88,505.707,2149.95279693487,2000-01-01 20:51:00
358,500_705_QEPB04081__358__20-51-01-585.txt,1044,220.843,1015.12,1735016.53626,46855.88,505.707,2150.11084291188,2000-01-01 20:51:01
359,500_705_QEPB04081__359__20-51-02-577.txt,1044,220.843,1015.12,1734959.19075,46888.25,504.934,2150.04885057471,2000-01-01 20:51:02
361,500_705_QEPB04081__361__20-51-03-591.txt,1044,220.843,1015.12,1732381.71825,46757.25,504.934,2146.85344827586,2000-01-01 20:51:03
362,500_705_QEPB04081__362__20-51-04-588.txt,1044,220.843,1015.12,1680397.638,45406,504.934,2082.42720306513,2000-01-01 20:51:04
363,500_705_QEPB04081__363__20-51-05-579.txt,1044,220.843,1015.12,1679090.72524,45332.12,505.707,2080.8077394636,2000-01-01 20:51:05
364,500_705_QEPB04081__364__20-51-06-570.txt,1044,220.843,1015.12,1717485.61226,46315.88,505.707,2128.39149425288,2000-01-01 20:51:06
365,500_705_QEPB04081__365__20-51-07-567.txt,1044,220.843,1015.12,1766388.03976,47644.38,504.934,2188.99877394636,2000-01-01 20:51:07
366,500_705_QEPB04081__366__20-51-08-552.txt,1044,220.843,1015.12,1737281.10125,46906.25,505.707,2152.92720306513,2000-01-01 20:51:08
367,500_705_QEPB04081__367__20-51-09-561.txt,1044,220.843,1015.12,1736575.66874,46922.62,504.934,2152.0424137931,2000-01-01 20:51:09
368,500_705_QEPB04081__368__20-51-10-569.txt,1044,220.843,1015.12,1736648.31025,46831.25,504.934,2152.13505747126,2000-01-01 20:51:10
369,500_705_QEPB04081__369__20-51-11-583.txt,1044,220.843,1015.12,1736316.285,46800,504.934,2151.73563218391,2000-01-01 20:51:11
370,500_705_QEPB04081__370__20-51-12-577.txt,1044,220.843,1015.12,1736315.263,46887,505.707,2151.72892720307,2000-01-01 20:51:12
371,500_705_QEPB04081__371__20-51-13-590.txt,1044,220.843,1015.12,1735029.81476,46776.38,505.707,2150.13191570882,2000-01-01 20:51:13
372,500_705_QEPB04081__372__20-51-14-584.txt,1044,220.843,1015.12,1735574.378,46818,505.707,2150.8275862069,2000-01-01 20:51:14
374,500_705_QEPB04081__374__20-51-15-598.txt,1044,220.843,1015.12,1733696.7735,46820.5,505.707,2148.48084291188,2000-01-01 20:51:15
375,500_705_QEPB04081__375__20-51-16-596.txt,1044,220.843,1015.12,1734117.31224,46753.12,504.934,2149.01272030651,2000-01-01 20:51:16
376,500_705_QEPB04081__376__20-51-17-588.txt,1044,220.843,1015.12,1733449.95674,46668.62,504.934,2148.1822605364,2000-01-01 20:51:17
377,500_705_QEPB04081__377__20-51-18-603.txt,1044,220.843,1015.12,1733514.03624,46751.12,505.707,2148.27325670498,2000-01-01 20:51:18
378,500_705_QEPB04081__378__20-51-19-598.txt,1044,220.843,1015.12,1732651.14176,46803.38,505.707,2147.19034482759,2000-01-01 20:51:19
379,500_705_QEPB04081__379__20-51-20-602.txt,1044,220.843,1015.12,1733302.70625,46685.75,505.707,2148.00287356322,2000-01-01 20:51:20
380,500_705_QEPB04081__380__20-51-21-594.txt,1044,220.843,1015.12,1732759.97025,46692.25,505.707,2147.34003831418,2000-01-01 20:51:21
382,500_705_QEPB04081__382__20-51-22-613.txt,1044,220.843,1015.12,1733135.14674,46654.12,505.707,2147.81540229885,2000-01-01 20:51:22
383,500_705_QEPB04081__383__20-51-23-606.txt,1044,220.843,1015.12,1730086.34325,46604.75,505.707,2144.02011494253,2000-01-01 20:51:23
384,500_705_QEPB04081__384__20-51-24-600.txt,1044,220.843,1015.12,1732498.23375,46626.75,504.934,2147.0153256705,2000-01-01 20:51:24
385,500_705_QEPB04081__385__20-51-25-600.txt,1044,220.843,1015.12,1731126.06324,46573.62,505.707,2145.31348659004,2000-01-01 20:51:25
386,500_705_QEPB04081__386__20-51-26-592.txt,1044,220.843,1015.12,1730588.56,46546,505.707,2144.65517241379,2000-01-01 20:51:26
388,500_705_QEPB04081__388__20-51-27-609.txt,1044,220.843,1015.12,1731555.236,46571.5,505.707,2145.8591954023,2000-01-01 20:51:27
389,500_705_QEPB04081__389__20-51-28-602.txt,1044,220.843,1015.12,1729988.54175,46569.25,505.707,2143.90517241379,2000-01-01 20:51:28
390,500_705_QEPB04081__390__20-51-29-604.txt,1044,220.843,1015.12,1730356.37476,46488.38,505.707,2144.36275862069,2000-01-01 20:51:29
392,500_705_QEPB04081__392__20-51-30-617.txt,1044,220.843,1015.12,1729980.70974,46520.62,504.934,2143.91406130268,2000-01-01 20:51:30
393,500_705_QEPB04081__393__20-51-31-614.txt,1044,220.843,1015.12,1729489.60726,46586.88,505.707,2143.29475095786,2000-01-01 20:51:31
394,500_705_QEPB04081__394__20-51-32-611.txt,1044,220.843,1015.12,1729968.13925,46430.25,505.707,2143.89750957854,2000-01-01 20:51:32
396,500_705_QEPB04081__396__20-51-33-630.txt,1044,220.843,1015.12,1729305.3795,46450.5,505.707,2143.07662835249,2000-01-01 20:51:33
397,500_705_QEPB04081__397__20-51-34-624.txt,1044,220.843,1015.12,1727862.47325,46487.75,505.707,2141.280651341,2000-01-01 20:51:34
398,500_705_QEPB04081__398__20-51-35-619.txt,1044,220.843,1015.12,1727422.48275,46460.25,505.707,2140.74425287356,2000-01-01 20:51:35
399,500_705_QEPB04081__399__20-51-36-621.txt,1044,220.843,1015.12,1727958.88776,46437.88,505.707,2141.40490421456,2000-01-01 20:51:36
401,500_705_QEPB04081__401__20-51-37-651.txt,1044,220.843,1015.12,1727153.21375,46439.25,505.707,2140.41187739464,2000-01-01 20:51:37
403,500_705_QEPB04081__403__20-51-38-668.txt,1044,220.843,1015.12,1727600.13625,46401.75,505.707,2140.96072796935,2000-01-01 20:51:38
404,500_705_QEPB04081__404__20-51-39-667.txt,1044,220.843,1015.12,1726679.27176,46431.88,505.707,2139.81869731801,2000-01-01 20:51:39
405,500_705_QEPB04081__405__20-51-40-661.txt,1044,220.843,1015.12,1725894.71626,46359.38,505.707,2138.83785440613,2000-01-01 20:51:40
406,500_705_QEPB04081__406__20-51-41-664.txt,1044,220.843,1015.12,1725949.688,46444,505.707,2138.91091954023,2000-01-01 20:51:41
407,500_705_QEPB04081__407__20-51-42-662.txt,1044,220.843,1015.12,1726097.15674,46332.12,505.707,2139.1046743295,2000-01-01 20:51:42
408,500_705_QEPB04081__408__20-51-43-679.txt,1044,220.843,1015.12,1628994.40125,43745.25,505.707,2018.77394636015,2000-01-01 20:51:43
409,500_705_QEPB04081__409__20-51-44-674.txt,1044,220.843,1015.12,1735161.92676,46622.88,505.707,2150.33977011495,2000-01-01 20:51:44
410,500_705_QEPB04081__410__20-51-45-670.txt,1044,220.843,1015.12,1719449.641,46224.5,505.707,2130.86206896552,2000-01-01 20:51:45
412,500_705_QEPB04081__412__20-51-46-686.txt,1044,220.843,1015.12,1720138.8955,46243,505.707,2131.72030651341,2000-01-01 20:51:46
413,500_705_QEPB04081__413__20-51-47-675.txt,1044,220.843,1015.12,1721536.52626,46180.88,505.707,2133.45662835249,2000-01-01 20:51:47
415,500_705_QEPB04081__415__20-51-48-689.txt,1044,220.843,1015.12,1720421.74574,46192.12,505.707,2132.07498084291,2000-01-01 20:51:48
416,500_705_QEPB04081__416__20-51-49-690.txt,1044,220.843,1015.12,1721613.55826,46203.88,505.707,2133.55241379311,2000-01-01 20:51:49
417,500_705_QEPB04081__417__20-51-50-691.txt,1044,220.843,1015.12,1720169.27626,46197.88,505.707,2131.75068965518,2000-01-01 20:51:50
418,500_705_QEPB04081__418__20-51-51-692.txt,1044,220.843,1015.12,1719994.77424,46095.12,505.707,2131.54911877394,2000-01-01 20:51:51
419,500_705_QEPB04081__419__20-51-52-688.txt,1044,220.843,1015.12,1720614.118,46139.5,505.707,2132.32567049808,2000-01-01 20:51:52
421,500_705_QEPB04081__421__20-51-53-698.txt,1044,220.843,1015.12,1719361.52474,46111.12,505.707,2130.76750957854,2000-01-01 20:51:53
422,500_705_QEPB04081__422__20-51-54-695.txt,1044,220.843,1015.12,1720289.48775,46137.25,505.707,2131.9224137931,2000-01-01 20:51:54
423,500_705_QEPB04081__423__20-51-55-687.txt,1044,220.843,1015.12,1719192.23675,46042.25,505.707,2130.56704980843,2000-01-01 20:51:55
425,500_705_QEPB04081__425__20-51-56-703.txt,1044,220.843,1015.12,1717352.04374,45981.62,505.707,2128.27804597701,2000-01-01 20:51:56
426,500_705_QEPB04081__426__20-51-57-709.txt,1044,220.843,1015.12,1718070.212,46035.5,505.707,2129.18103448276,2000-01-01 20:51:57
427,500_705_QEPB04081__427__20-51-58-707.txt,1044,220.843,1015.12,1717693.90375,45937.75,505.707,2128.71743295019,2000-01-01 20:51:58
428,500_705_QEPB04081__428__20-51-59-710.txt,1044,220.843,1015.12,1717652.08726,46075.38,505.707,2128.65298850575,2000-01-01 20:51:59
429,500_705_QEPB04081__429__20-52-00-706.txt,1044,220.843,1015.12,1715623.92426,45929.88,505.707,2126.1453256705,2000-01-01 20:52:00
430,500_705_QEPB04081__430__20-52-01-701.txt,1044,220.843,1015.12,1716310.80176,45980.38,505.707,2127.00835249042,2000-01-01 20:52:01
431,500_705_QEPB04081__431__20-52-02-710.txt,1044,220.843,1015.12,1715168.88625,45912.75,505.707,2125.58429118774,2000-01-01 20:52:02
432,500_705_QEPB04081__432__20-52-03-710.txt,1044,220.843,1015.12,1715541.35024,45869.62,505.707,2126.06252873563,2000-01-01 20:52:03
433,500_705_QEPB04081__433__20-52-04-708.txt,1044,220.843,1015.12,1714711.38975,45844.25,505.707,2125.02777777778,2000-01-01 20:52:04
434,500_705_QEPB04081__434__20-52-05-700.txt,1044,220.843,1015.12,1712724.07475,45876.75,505.707,2122.55938697318,2000-01-01 20:52:05
435,500_705_QEPB04081__435__20-52-06-700.txt,1044,220.843,1015.12,1712870.27376,45848.88,505.707,2122.74111111111,2000-01-01 20:52:06
437,500_705_QEPB04081__437__20-52-07-708.txt,1044,220.843,1015.12,1713209.676,45836,505.707,2123.16666666667,2000-01-01 20:52:07
439,500_705_QEPB04081__439__20-52-08-721.txt,1044,220.843,1015.12,1711981.22725,45748.25,505.707,2121.63122605364,2000-01-01 20:52:08
440,500_705_QEPB04081__440__20-52-09-721.txt,1044,220.843,1015.12,1712614.46726,45786.88,505.707,2122.43363984675,2000-01-01 20:52:09
441,500_705_QEPB04081__441__20-52-10-719.txt,1044,220.843,1015.12,1711514.3985,45737,505.707,2121.07183908046,2000-01-01 20:52:10
443,500_705_QEPB04081__443__20-52-11-726.txt,1044,220.843,1015.12,1711919.44424,45837.12,505.707,2121.57689655172,2000-01-01 20:52:11
444,500_705_QEPB04081__444__20-52-12-718.txt,1044,220.843,1015.12,1711918.24474,45771.12,505.707,2121.57593869731,2000-01-01 20:52:12
445,500_705_QEPB04081__445__20-52-13-720.txt,1044,220.843,1015.12,1710129.41375,45711.75,505.707,2119.35344827586,2000-01-01 20:52:13
446,500_705_QEPB04081__446__20-52-14-709.txt,1044,220.843,1015.12,1710304.63826,45701.88,505.707,2119.56007662836,2000-01-01 20:52:14
448,500_705_QEPB04081__448__20-52-15-727.txt,1044,220.843,1015.12,1707504.3675,45609.5,505.707,2116.10344827586,2000-01-01 20:52:15
449,500_705_QEPB04081__449__20-52-16-716.txt,1044,220.843,1015.12,1709341.84324,45613.62,505.707,2118.39490421456,2000-01-01 20:52:16
450,500_705_QEPB04081__450__20-52-17-727.txt,1044,220.843,1015.12,1708593.22724,45630.62,505.707,2117.45620689655,2000-01-01 20:52:17
451,500_705_QEPB04081__451__20-52-18-737.txt,1044,220.843,1015.12,1707471.02376,45504.38,504.934,2116.06390804598,2000-01-01 20:52:18
453,500_705_QEPB04081__453__20-52-19-745.txt,1044,220.843,1015.12,1708364.581,45587,505.707,2117.18007662835,2000-01-01 20:52:19
455,500_705_QEPB04081__455__20-52-20-751.txt,1044,220.843,1015.12,1707183.80726,45497.88,505.707,2115.71620689655,2000-01-01 20:52:20
456,500_705_QEPB04081__456__20-52-21-767.txt,1044,220.843,1015.12,1707061.75526,45483.38,505.707,2115.57731800767,2000-01-01 20:52:21
457,500_705_QEPB04081__457__20-52-22-775.txt,1044,220.843,1015.12,1706180.62274,45550.12,505.707,2114.46291187739,2000-01-01 20:52:22
459,500_705_QEPB04081__459__20-52-23-786.txt,1044,220.843,1015.12,1705188.035,45505,505.707,2113.24808429119,2000-01-01 20:52:23
460,500_705_QEPB04081__460__20-52-24-782.txt,1044,220.843,1015.12,1705729.795,45514.5,505.707,2113.92816091954,2000-01-01 20:52:24
461,500_705_QEPB04081__461__20-52-25-783.txt,1044,220.843,1015.12,1704467.62676,45503.38,505.707,2112.35030651341,2000-01-01 20:52:25
462,500_705_QEPB04081__462__20-52-26-784.txt,1044,220.843,1015.12,1707411.06726,45510.38,505.707,2116.01314176245,2000-01-01 20:52:26
463,500_705_QEPB04081__463__20-52-27-782.txt,1044,220.843,1015.12,1704163.37476,45437.88,505.707,2111.97770114943,2000-01-01 20:52:27
464,500_705_QEPB04081__464__20-52-28-783.txt,1044,220.843,1015.12,1704824.8425,45447,505.707,2112.79885057471,2000-01-01 20:52:28
465,500_705_QEPB04081__465__20-52-29-779.txt,1044,220.843,1015.12,1704809.24725,45352.25,505.707,2112.78639846743,2000-01-01 20:52:29
466,500_705_QEPB04081__466__20-52-30-785.txt,1044,220.843,1015.12,1704195.588,45410.5,505.707,2112.01724137931,2000-01-01 20:52:30
467,500_705_QEPB04081__467__20-52-31-778.txt,1044,220.843,1015.12,1707024.01824,45505.12,505.707,2115.53283524904,2000-01-01 20:52:31
468,500_705_QEPB04081__468__20-52-32-772.txt,1044,220.843,1015.12,1704007.71126,45439.88,505.707,2111.79187739464,2000-01-01 20:52:32
469,500_705_QEPB04081__469__20-52-33-769.txt,1044,220.843,1015.12,1704155.44474,45390.62,505.707,2111.98877394636,2000-01-01 20:52:33
471,500_705_QEPB04081__471__20-52-34-784.txt,1044,220.843,1015.12,1703254.60776,45412.88,505.707,2110.85796934866,2000-01-01 20:52:34
472,500_705_QEPB04081__472__20-52-35-790.txt,1044,220.843,1015.12,1704291.09926,45414.88,505.707,2112.1453256705,2000-01-01 20:52:35
473,500_705_QEPB04081__473__20-52-36-788.txt,1044,220.843,1015.12,1702716.80976,45262.88,505.707,2110.18938697318,2000-01-01 20:52:36
474,500_705_QEPB04081__474__20-52-37-783.txt,1044,220.843,1015.12,1703493.30326,45376.38,505.707,2111.15011494253,2000-01-01 20:52:37
476,500_705_QEPB04081__476__20-52-38-795.txt,1044,220.843,1015.12,1658653.1575,44184,505.707,2055.58620689655,2000-01-01 20:52:38
477,500_705_QEPB04081__477__20-52-39-794.txt,1044,220.843,1015.12,1514564.47025,40346.75,505.707,1877.02777777778,2000-01-01 20:52:39
478,500_705_QEPB04081__478__20-52-40-785.txt,1044,220.843,1015.12,1525952.0145,40634.5,505.707,1891.12164750958,2000-01-01 20:52:40
479,500_705_QEPB04081__479__20-52-41-776.txt,1044,220.843,1015.12,1685340.59425,44833.25,505.707,2088.66954022989,2000-01-01 20:52:41
480,500_705_QEPB04081__480__20-52-42-769.txt,1044,220.843,1015.12,1688152.42225,44904.25,505.707,2092.15229885057,2000-01-01 20:52:42
481,500_705_QEPB04081__481__20-52-43-766.txt,1044,220.843,1015.12,1689225.42824,44877.12,505.707,2093.4791954023,2000-01-01 20:52:43
482,500_705_QEPB04081__482__20-52-44-765.txt,1044,220.843,1015.12,1694800.915,45122,505.707,2100.38888888889,2000-01-01 20:52:44
484,500_705_QEPB04081__484__20-52-45-782.txt,1044,220.843,1015.12,1692406.73975,45051.25,505.707,2097.4224137931,2000-01-01 20:52:45
485,500_705_QEPB04081__485__20-52-46-770.txt,1044,220.843,1015.12,1692049.02024,45064.12,505.707,2096.96865900383,2000-01-01 20:52:46
486,500_705_QEPB04081__486__20-52-47-771.txt,1044,220.843,1015.12,1693281.0435,45057,505.707,2098.50574712644,2000-01-01 20:52:47
487,500_705_QEPB04081__487__20-52-48-768.txt,1044,220.843,1015.12,1693705.78374,45055.12,505.707,2099.03858237548,2000-01-01 20:52:48
488,500_705_QEPB04081__488__20-52-49-761.txt,1044,220.843,1015.12,1694854.53576,45042.88,505.707,2100.45662835249,2000-01-01 20:52:49
489,500_705_QEPB04081__489__20-52-50-745.txt,1044,220.843,1015.12,1692073.28875,44978.75,505.707,2097.00862068966,2000-01-01 20:52:50
490,500_705_QEPB04081__490__20-52-51-749.txt,1044,220.843,1015.12,1695342.39024,45093.62,505.707,2101.07019157088,2000-01-01 20:52:51
491,500_705_QEPB04081__491__20-52-52-761.txt,1044,220.843,1015.12,1693929.98975,45091.75,505.707,2099.31417624521,2000-01-01 20:52:52
493,500_705_QEPB04081__493__20-52-53-772.txt,1044,220.843,1015.12,1693805.65976,45043.38,505.707,2099.17118773947,2000-01-01 20:52:53
494,500_705_QEPB04081__494__20-52-54-774.txt,1044,220.843,1015.12,1692919.59124,44962.12,505.707,2098.06827586207,2000-01-01 20:52:54
495,500_705_QEPB04081__495__20-52-55-765.txt,1044,220.843,1015.12,1692612.685,44927,505.707,2097.68965517241,2000-01-01 20:52:55
497,500_705_QEPB04081__497__20-52-56-773.txt,1044,220.843,1015.12,1692572.40176,45067.88,505.707,2097.63478927203,2000-01-01 20:52:56
498,500_705_QEPB04081__498__20-52-57-772.txt,1044,220.843,1015.12,1692276.40825,44916.25,505.707,2097.27969348659,2000-01-01 20:52:57
499,500_705_QEPB04081__499__20-52-58-762.txt,1044,220.843,1015.12,1692995.63276,44919.38,505.707,2098.17310344828,2000-01-01 20:52:58
500,500_705_QEPB04081__500__20-52-59-761.txt,1044,220.843,1015.12,1692746.05974,44962.12,505.707,2097.84509578544,2000-01-01 20:52:59
502,500_705_QEPB04081__502__20-53-00-776.txt,1044,220.843,1015.12,1692802.77776,44886.88,505.707,2097.93172413793,2000-01-01 20:53:00
503,500_705_QEPB04081__503__20-53-01-772.txt,1044,220.843,1015.12,1691132.30076,44915.38,505.707,2095.8483908046,2000-01-01 20:53:01
504,500_705_QEPB04081__504__20-53-02-773.txt,1044,220.843,1015.12,1692961.93324,44953.62,505.707,2098.14298850574,2000-01-01 20:53:02
505,500_705_QEPB04081__505__20-53-03-767.txt,1044,220.843,1015.12,1689953.72524,44926.62,505.707,2094.39586206896,2000-01-01 20:53:03
506,500_705_QEPB04081__506__20-53-04-765.txt,1044,220.843,1015.12,1689839.332,44793,505.707,2094.26436781609,2000-01-01 20:53:04
507,500_705_QEPB04081__507__20-53-05-754.txt,1044,220.843,1015.12,1688695.59525,44801.75,505.707,2092.84291187739,2000-01-01 20:53:05
508,500_705_QEPB04081__508__20-53-06-745.txt,1044,220.843,1015.12,1688770.20675,44783.25,505.707,2092.94540229885,2000-01-01 20:53:06
509,500_705_QEPB04081__509__20-53-07-753.txt,1044,220.843,1015.12,1688273.2965,44808,505.707,2092.32567049808,2000-01-01 20:53:07
510,500_705_QEPB04081__510__20-53-08-746.txt,1044,220.843,1015.12,1689207.61474,44851.12,505.707,2093.48590038314,2000-01-01 20:53:08
511,500_705_QEPB04081__511__20-53-09-756.txt,1044,220.843,1015.12,1460616.83,38748,505.707,1810.18486590038,2000-01-01 20:53:09
512,500_705_QEPB04081__512__20-53-10-754.txt,1044,220.843,1015.12,1632245.42124,43284.62,505.707,2022.8862835249,2000-01-01 20:53:10
513,500_705_QEPB04081__513__20-53-11-756.txt,1044,220.843,1015.12,1599189.0925,42432,505.707,1981.9224137931,2000-01-01 20:53:11
515,500_705_QEPB04081__515__20-53-12-780.txt,1044,220.843,1015.12,1684614.32976,44636.88,505.707,2087.81007662836,2000-01-01 20:53:12
516,500_705_QEPB04081__516__20-53-13-774.txt,1044,220.843,1015.12,1686227.369,44635,504.934,2089.80938697318,2000-01-01 20:53:13
517,500_705_QEPB04081__517__20-53-14-762.txt,1044,220.843,1015.12,1687266.20676,44729.88,505.707,2091.07923371648,2000-01-01 20:53:14
519,500_705_QEPB04081__519__20-53-15-769.txt,1044,220.843,1015.12,1687756.34626,44634.38,505.707,2091.69800766284,2000-01-01 20:53:15
520,500_705_QEPB04081__520__20-53-16-764.txt,1044,220.843,1015.12,1689556.28375,44740.75,505.707,2093.93007662835,2000-01-01 20:53:16
521,500_705_QEPB04081__521__20-53-17-753.txt,1044,220.843,1015.12,1688662.53376,44780.38,505.707,2092.83498084291,2000-01-01 20:53:17
522,500_705_QEPB04081__522__20-53-18-752.txt,1044,220.843,1015.12,1687548.90775,44690.75,505.707,2091.43390804598,2000-01-01 20:53:18
523,500_705_QEPB04081__523__20-53-19-747.txt,1044,220.843,1015.12,1685683.36624,44610.12,505.707,2089.12766283525,2000-01-01 20:53:19
524,500_705_QEPB04081__524__20-53-20-741.txt,1044,220.843,1015.12,1686669.04726,44646.88,505.707,2090.34551724138,2000-01-01 20:53:20
525,500_705_QEPB04081__525__20-53-21-739.txt,1044,220.843,1015.12,1687611.03326,44714.88,505.707,2091.51601532567,2000-01-01 20:53:21
526,500_705_QEPB04081__526__20-53-22-729.txt,1044,220.843,1015.12,1686313.76675,44579.75,505.707,2089.90517241379,2000-01-01 20:53:22
527,500_705_QEPB04081__527__20-53-23-731.txt,1044,220.843,1015.12,1685745.51274,44608.62,505.707,2089.20237547892,2000-01-01 20:53:23
528,500_705_QEPB04081__528__20-53-24-725.txt,1044,220.843,1015.12,1685582.65825,44632.25,505.707,2089.00670498084,2000-01-01 20:53:24
529,500_705_QEPB04081__529__20-53-25-727.txt,1044,220.843,1015.12,1684593.84325,44520.75,505.707,2087.77777777778,2000-01-01 20:53:25
530,500_705_QEPB04081__530__20-53-26-743.txt,1044,220.843,1015.12,1683030.36024,44558.62,505.707,2085.84413793103,2000-01-01 20:53:26
531,500_705_QEPB04081__531__20-53-27-743.txt,1044,220.843,1015.12,1685595.32424,44552.62,505.707,2089.03475095785,2000-01-01 20:53:27
532,500_705_QEPB04081__532__20-53-28-741.txt,1044,220.843,1015.12,1683281.45725,44467.25,505.707,2086.16666666667,2000-01-01 20:53:28
533,500_705_QEPB04081__533__20-53-29-730.txt,1044,220.843,1015.12,1683181.7425,44479,505.707,2086.03639846743,2000-01-01 20:53:29
534,500_705_QEPB04081__534__20-53-30-727.txt,1044,220.843,1015.12,1682239.4465,44442.5,505.707,2084.86398467433,2000-01-01 20:53:30
535,500_705_QEPB04081__535__20-53-31-735.txt,1044,220.843,1015.12,1683500.85675,44394.75,505.707,2086.43582375479,2000-01-01 20:53:31
536,500_705_QEPB04081__536__20-53-32-731.txt,1044,220.843,1015.12,1684448.19025,44421.25,505.707,2087.61494252874,2000-01-01 20:53:32
537,500_705_QEPB04081__537__20-53-33-735.txt,1044,220.843,1015.12,1681447.141,44395,505.707,2083.89846743295,2000-01-01 20:53:33
538,500_705_QEPB04081__538__20-53-34-731.txt,1044,220.843,1015.12,1680158.55675,44375.75,505.707,2082.29406130268,2000-01-01 20:53:34
539,500_705_QEPB04081__539__20-53-35-728.txt,1044,220.843,1015.12,1680869.04975,44309.25,506.48,2083.18390804598,2000-01-01 20:53:35
540,500_705_QEPB04081__540__20-53-36-722.txt,1044,220.843,1015.12,1681163.83,44319.5,505.707,2083.55555555556,2000-01-01 20:53:36
541,500_705_QEPB04081__541__20-53-37-725.txt,1044,220.843,1015.12,1680066.24224,44335.12,505.707,2082.19088122605,2000-01-01 20:53:37
542,500_705_QEPB04081__542__20-53-38-719.txt,1044,220.843,1015.12,1681925.127,44367.5,505.707,2084.50191570881,2000-01-01 20:53:38
543,500_705_QEPB04081__543__20-53-39-714.txt,1044,220.843,1015.12,1681058.575,44377,505.707,2083.42049808429,2000-01-01 20:53:39
544,500_705_QEPB04081__544__20-53-40-710.txt,1044,220.843,1015.12,1680754.98276,44316.38,505.707,2083.05241379311,2000-01-01 20:53:40
545,500_705_QEPB04081__545__20-53-41-702.txt,1044,220.843,1015.12,1680888.12425,44334.75,505.707,2083.22030651341,2000-01-01 20:53:41
546,500_705_QEPB04081__546__20-53-42-692.txt,1044,220.843,1015.12,1680175.61975,44260.75,505.707,2082.34291187739,2000-01-01 20:53:42
547,500_705_QEPB04081__547__20-53-43-688.txt,1044,220.843,1015.12,1680295.23024,44248.12,505.707,2082.4791954023,2000-01-01 20:53:43
548,500_705_QEPB04081__548__20-53-44-700.txt,1044,220.843,1015.12,1679973.3505,44233,505.707,2082.08333333333,2000-01-01 20:53:44
550,500_705_QEPB04081__550__20-53-45-727.txt,1044,220.843,1015.12,1679555.54825,44234.25,505.707,2081.56800766284,2000-01-01 20:53:45
551,500_705_QEPB04081__551__20-53-46-727.txt,1044,220.843,1015.12,1679694.787,44231.5,505.707,2081.74042145594,2000-01-01 20:53:46
552,500_705_QEPB04081__552__20-53-47-740.txt,1044,220.843,1015.12,1678689.7955,44208,505.707,2080.49137931034,2000-01-01 20:53:47
553,500_705_QEPB04081__553__20-53-48-737.txt,1044,220.843,1015.12,1678004.14926,44241.88,505.707,2079.64053639847,2000-01-01 20:53:48
555,500_705_QEPB04081__555__20-53-49-744.txt,1044,220.843,1015.12,1678809.76026,44221.38,505.707,2080.64819923372,2000-01-01 20:53:49
556,500_705_QEPB04081__556__20-53-50-735.txt,1044,220.843,1015.12,1679399.7665,44167,505.707,2081.39176245211,2000-01-01 20:53:50
557,500_705_QEPB04081__557__20-53-51-731.txt,1044,220.843,1015.12,1678240.95374,44153.12,505.707,2079.94279693486,2000-01-01 20:53:51
559,500_705_QEPB04081__559__20-53-52-751.txt,1044,220.843,1015.12,1678450.032,44163,505.707,2080.2030651341,2000-01-01 20:53:52
560,500_705_QEPB04081__560__20-53-53-747.txt,1044,220.843,1015.12,1677823.7875,44164.5,505.707,2079.43486590038,2000-01-01 20:53:53
561,500_705_QEPB04081__561__20-53-54-741.txt,1044,220.843,1015.12,1677548.049,44184.5,505.707,2079.0775862069,2000-01-01 20:53:54
562,500_705_QEPB04081__562__20-53-55-747.txt,1044,220.843,1015.12,1675935.7275,44077,505.707,2077.08812260536,2000-01-01 20:53:55
564,500_705_QEPB04081__564__20-53-56-771.txt,1044,220.843,1015.12,1676751.3215,44101,505.707,2078.09961685824,2000-01-01 20:53:56
565,500_705_QEPB04081__565__20-53-57-765.txt,1044,220.843,1015.12,1676191.52676,44044.38,505.707,2077.40969348659,2000-01-01 20:53:57
566,500_705_QEPB04081__566__20-53-58-761.txt,1044,220.843,1015.12,1675213.33774,44088.62,505.707,2076.18896551724,2000-01-01 20:53:58
567,500_705_QEPB04081__567__20-53-59-751.txt,1044,220.843,1015.12,1674661.40025,44116.75,505.707,2075.52586206897,2000-01-01 20:53:59
568,500_705_QEPB04081__568__20-54-00-762.txt,1044,220.843,1015.12,1674602.75425,43980.75,505.707,2075.43869731801,2000-01-01 20:54:00
569,500_705_QEPB04081__569__20-54-01-756.txt,1044,220.843,1015.12,1674709.966,44049.5,505.707,2075.58045977011,2000-01-01 20:54:01
570,500_705_QEPB04081__570__20-54-02-758.txt,1044,220.843,1015.12,1672714.35776,43910.88,505.707,2073.10222222223,2000-01-01 20:54:02
571,500_705_QEPB04081__571__20-54-03-748.txt,1044,220.843,1015.12,1672216.91225,43945.25,506.48,2072.47509578544,2000-01-01 20:54:03
573,500_705_QEPB04081__573__20-54-04-760.txt,1044,220.843,1015.12,1671305.02076,43883.88,505.707,2071.35605363985,2000-01-01 20:54:04
574,500_705_QEPB04081__574__20-54-05-759.txt,1044,220.843,1015.12,1673194.6025,43913.5,505.707,2073.69827586207,2000-01-01 20:54:05
575,500_705_QEPB04081__575__20-54-06-759.txt,1044,220.843,1015.12,1674248.13275,44014.25,505.707,2075.00957854406,2000-01-01 20:54:06
576,500_705_QEPB04081__576__20-54-07-754.txt,1044,220.843,1015.12,1670173.95126,43903.38,506.48,2069.94896551724,2000-01-01 20:54:07
578,500_705_QEPB04081__578__20-54-08-783.txt,1044,220.843,1015.12,1671413.60975,43873.25,505.707,2071.5,2000-01-01 20:54:08
579,500_705_QEPB04081__579__20-54-09-776.txt,1044,220.843,1015.12,1670945.43475,43902.25,505.707,2070.91954022989,2000-01-01 20:54:09
580,500_705_QEPB04081__580__20-54-10-768.txt,1044,220.843,1015.12,1672500.60124,43941.12,505.707,2072.84509578544,2000-01-01 20:54:10
581,500_705_QEPB04081__581__20-54-11-756.txt,1044,220.843,1015.12,1670561.99974,43868.62,505.707,2070.43800766283,2000-01-01 20:54:11
583,500_705_QEPB04081__583__20-54-12-775.txt,1044,220.843,1015.12,1669902.05524,43840.12,505.707,2069.62862068965,2000-01-01 20:54:12
584,500_705_QEPB04081__584__20-54-13-790.txt,1044,220.843,1015.12,1670024.95575,43836.75,505.707,2069.77777777778,2000-01-01 20:54:13
585,500_705_QEPB04081__585__20-54-14-786.txt,1044,220.843,1015.12,1673916.10374,43931.12,505.707,2074.60371647509,2000-01-01 20:54:14
587,500_705_QEPB04081__587__20-54-15-791.txt,1044,220.843,1015.12,1670226.59025,43837.25,505.707,2070.03639846743,2000-01-01 20:54:15
588,500_705_QEPB04081__588__20-54-16-785.txt,1044,220.843,1015.12,1670345.441,43869,505.707,2070.17816091954,2000-01-01 20:54:16
589,500_705_QEPB04081__589__20-54-17-794.txt,1044,220.843,1015.12,1669709.44026,43836.38,505.707,2069.38287356322,2000-01-01 20:54:17
590,500_705_QEPB04081__590__20-54-18-802.txt,1044,220.843,1015.12,1670693.54776,43754.88,506.48,2070.61084291188,2000-01-01 20:54:18
592,500_705_QEPB04081__592__20-54-19-820.txt,1044,220.843,1015.12,1670237.611,43855,505.707,2070.04406130268,2000-01-01 20:54:19
593,500_705_QEPB04081__593__20-54-20-809.txt,1044,220.843,1015.12,1670723.17324,43763.12,505.707,2070.64777777777,2000-01-01 20:54:20
594,500_705_QEPB04081__594__20-54-21-800.txt,1044,220.843,1015.12,1668737.977,43824,505.707,2068.1877394636,2000-01-01 20:54:21
595,500_705_QEPB04081__595__20-54-22-815.txt,1044,220.843,1015.12,1672837.236,43859,505.707,2073.27107279693,2000-01-01 20:54:22
596,500_705_QEPB04081__596__20-54-23-814.txt,1044,220.843,1015.12,1669710.52274,43825.62,505.707,2069.38436781609,2000-01-01 20:54:23
597,500_705_QEPB04081__597__20-54-24-805.txt,1044,220.843,1015.12,1668804.87625,43706.25,505.707,2068.27490421456,2000-01-01 20:54:24
598,500_705_QEPB04081__598__20-54-25-799.txt,1044,220.843,1015.12,1674207.31074,43941.62,505.707,2074.97632183908,2000-01-01 20:54:25
599,500_705_QEPB04081__599__20-54-26-797.txt,1044,220.843,1015.12,1666757.35426,43671.38,505.707,2065.74015325671,2000-01-01 20:54:26
600,500_705_QEPB04081__600__20-54-27-794.txt,1044,220.843,1015.12,1670090.49426,43771.88,506.48,2069.88191570882,2000-01-01 20:54:27
601,500_705_QEPB04081__601__20-54-28-793.txt,1044,220.843,1015.12,1665925.70674,43708.62,505.707,2064.71578544061,2000-01-01 20:54:28
602,500_705_QEPB04081__602__20-54-29-786.txt,1044,220.843,1015.12,1666256.10425,43700.25,505.707,2065.10727969349,2000-01-01 20:54:29
603,500_705_QEPB04081__603__20-54-30-797.txt,1044,220.843,1015.12,1668810.29,43705.5,506.48,2068.28927203065,2000-01-01 20:54:30
604,500_705_QEPB04081__604__20-54-31-791.txt,1044,220.843,1015.12,1670064.37825,43709.75,505.707,2069.84195402299,2000-01-01 20:54:31
605,500_705_QEPB04081__605__20-54-32-793.txt,1044,220.843,1015.12,1670522.4635,43832.5,505.707,2070.39463601533,2000-01-01 20:54:32
606,500_705_QEPB04081__606__20-54-33-787.txt,1044,220.843,1015.12,1670354.39075,43806.75,505.707,2070.19061302682,2000-01-01 20:54:33
608,500_705_QEPB04081__608__20-54-34-800.txt,1044,220.843,1015.12,1671057.21225,43827.75,505.707,2071.06034482759,2000-01-01 20:54:34
609,500_705_QEPB04081__609__20-54-35-787.txt,1044,220.843,1015.12,1672334.726,43824,505.707,2072.65996168582,2000-01-01 20:54:35
610,500_705_QEPB04081__610__20-54-36-788.txt,1044,220.843,1015.12,1671081.168,43840,505.707,2071.0938697318,2000-01-01 20:54:36
611,500_705_QEPB04081__611__20-54-37-787.txt,1044,220.843,1015.12,1671540.44574,43818.62,505.707,2071.67172413793,2000-01-01 20:54:37
612,500_705_QEPB04081__612__20-54-38-782.txt,1044,220.843,1015.12,1671052.43476,43739.38,505.707,2071.04954022989,2000-01-01 20:54:38
613,500_705_QEPB04081__613__20-54-39-778.txt,1044,220.843,1015.12,1670171.81924,43793.12,505.707,2069.9648275862,2000-01-01 20:54:39
614,500_705_QEPB04081__614__20-54-40-775.txt,1044,220.843,1015.12,1670543.59775,43742.25,505.707,2070.4367816092,2000-01-01 20:54:40
616,500_705_QEPB04081__616__20-54-41-780.txt,1044,220.843,1015.12,1670257.48976,43712.88,505.707,2070.07157088123,2000-01-01 20:54:41
617,500_705_QEPB04081__617__20-54-42-777.txt,1044,220.843,1015.12,1670448.1135,43756,506.48,2070.30938697318,2000-01-01 20:54:42
618,500_705_QEPB04081__618__20-54-43-775.txt,1044,220.843,1015.12,1668848.60825,43673.25,505.707,2068.33524904215,2000-01-01 20:54:43
619,500_705_QEPB04081__619__20-54-44-775.txt,1044,220.843,1015.12,1670518.33576,43768.88,506.48,2070.41256704981,2000-01-01 20:54:44
620,500_705_QEPB04081__620__20-54-45-769.txt,1044,220.843,1015.12,1671566.5365,43723.5,505.707,2071.70689655172,2000-01-01 20:54:45
621,500_705_QEPB04081__621__20-54-46-771.txt,1044,220.843,1015.12,1667659.99074,43701.12,505.707,2066.86233716475,2000-01-01 20:54:46
622,500_705_QEPB04081__622__20-54-47-772.txt,1044,220.843,1015.12,1668616.689,43744.5,505.707,2068.03352490421,2000-01-01 20:54:47
623,500_705_QEPB04081__623__20-54-48-768.txt,1044,220.843,1015.12,1666346.1775,43678,505.707,2065.219348659,2000-01-01 20:54:48
625,500_705_QEPB04081__625__20-54-49-788.txt,1044,220.843,1015.12,1666200.23826,43611.38,505.707,2065.05911877395,2000-01-01 20:54:49
627,500_705_QEPB04081__627__20-54-50-813.txt,1044,220.843,1015.12,1667918.92925,43651.25,505.707,2067.18582375479,2000-01-01 20:54:50
628,500_705_QEPB04081__628__20-54-51-811.txt,1044,220.843,1015.12,1667089.413,43671,505.707,2066.15325670498,2000-01-01 20:54:51
629,500_705_QEPB04081__629__20-54-52-802.txt,1044,220.843,1015.12,1666625.01724,43678.12,505.707,2065.57881226053,2000-01-01 20:54:52
630,500_705_QEPB04081__630__20-54-53-791.txt,1044,220.843,1015.12,1670191.16526,43796.88,505.707,2069.99973180077,2000-01-01 20:54:53
631,500_705_QEPB04081__631__20-54-54-800.txt,1044,220.843,1015.12,1666309.55174,43631.62,505.707,2065.20141762452,2000-01-01 20:54:54
632,500_705_QEPB04081__632__20-54-55-789.txt,1044,220.843,1015.12,1668356.283,43694,505.707,2067.72701149425,2000-01-01 20:54:55
633,500_705_QEPB04081__633__20-54-56-784.txt,1044,220.843,1015.12,1668731.346,43686.5,506.48,2068.19540229885,2000-01-01 20:54:56
634,500_705_QEPB04081__634__20-54-57-774.txt,1044,220.843,1015.12,1666040.36475,43535.75,506.48,2064.84865900383,2000-01-01 20:54:57
635,500_705_QEPB04081__635__20-54-58-772.txt,1044,220.843,1015.12,1668789.24624,43721.62,505.707,2068.25888888889,2000-01-01 20:54:58
636,500_705_QEPB04081__636__20-54-59-762.txt,1044,220.843,1015.12,1665823.12374,43584.62,505.707,2064.58360153256,2000-01-01 20:54:59
638,500_705_QEPB04081__638__20-55-00-786.txt,1044,220.843,1015.12,1666625.80374,43593.62,505.707,2065.57785440613,2000-01-01 20:55:00
640,500_705_QEPB04081__640__20-55-01-819.txt,1044,220.843,1015.12,1668779.90174,43684.62,505.707,2068.24643678161,2000-01-01 20:55:01
641,500_705_QEPB04081__641__20-55-02-819.txt,1044,220.843,1015.12,1663676.08976,43546.38,505.707,2061.91639846744,2000-01-01 20:55:02
642,500_705_QEPB04081__642__20-55-03-812.txt,1044,220.843,1015.12,1665871.49526,43620.88,505.707,2064.64340996169,2000-01-01 20:55:03
644,500_705_QEPB04081__644__20-55-04-823.txt,1044,220.843,1015.12,1666834.872,43588.5,505.707,2065.84578544061,2000-01-01 20:55:04
645,500_705_QEPB04081__645__20-55-05-815.txt,1044,220.843,1015.12,1668950.2895,43763,505.707,2068.46168582375,2000-01-01 20:55:05
646,500_705_QEPB04081__646__20-55-06-821.txt,1044,220.843,1015.12,1666131.91525,43666.75,505.707,2064.96360153257,2000-01-01 20:55:06
647,500_705_QEPB04081__647__20-55-07-822.txt,1044,220.843,1015.12,1669815.61126,43726.38,505.707,2069.53996168583,2000-01-01 20:55:07
649,500_705_QEPB04081__649__20-55-08-838.txt,1044,220.843,1015.12,1671218.59725,43710.25,505.707,2071.27586206897,2000-01-01 20:55:08
650,500_705_QEPB04081__650__20-55-09-829.txt,1044,220.843,1015.12,1668674.70326,43723.88,505.707,2068.11563218391,2000-01-01 20:55:09
651,500_705_QEPB04081__651__20-55-10-822.txt,1044,220.843,1015.12,1671574.68124,43715.12,505.707,2071.71291187739,2000-01-01 20:55:10
652,500_705_QEPB04081__652__20-55-11-818.txt,1044,220.843,1015.12,1667584.22776,43649.38,505.707,2066.77176245211,2000-01-01 20:55:11
653,500_705_QEPB04081__653__20-55-12-820.txt,1044,220.843,1015.12,1671006.45876,43747.88,505.707,2071.00835249042,2000-01-01 20:55:12
654,500_705_QEPB04081__654__20-55-13-821.txt,1044,220.843,1015.12,1669744.02524,43708.12,505.707,2069.44567049808,2000-01-01 20:55:13
655,500_705_QEPB04081__655__20-55-14-819.txt,1044,220.843,1015.12,1669130.67326,43723.38,505.707,2068.6759770115,2000-01-01 20:55:14
656,500_705_QEPB04081__656__20-55-15-809.txt,1044,220.843,1015.12,1470765.819,38607.5,505.707,1822.82375478927,2000-01-01 20:55:15
657,500_705_QEPB04081__657__20-55-16-806.txt,1044,220.843,1015.12,1592103.8655,41702,505.707,1973.219348659,2000-01-01 20:55:16
658,500_705_QEPB04081__658__20-55-17-805.txt,1044,220.843,1015.12,1670366.64875,43753.25,506.48,2070.2183908046,2000-01-01 20:55:17
659,500_705_QEPB04081__659__20-55-18-797.txt,1044,220.843,1015.12,1664237.92574,43563.62,505.707,2062.62670498084,2000-01-01 20:55:18
661,500_705_QEPB04081__661__20-55-19-813.txt,1044,220.843,1015.12,1668247.104,43659.5,505.707,2067.58237547893,2000-01-01 20:55:19
662,500_705_QEPB04081__662__20-55-20-803.txt,1044,220.843,1015.12,1667455.11176,43635.88,505.707,2066.60509578544,2000-01-01 20:55:20
663,500_705_QEPB04081__663__20-55-21-804.txt,1044,220.843,1015.12,1668529.20475,43774.75,505.707,2067.93582375479,2000-01-01 20:55:21
664,500_705_QEPB04081__664__20-55-22-799.txt,1044,220.843,1015.12,1670276.5505,43845.5,505.707,2070.11206896552,2000-01-01 20:55:22
666,500_705_QEPB04081__666__20-55-23-815.txt,1044,220.843,1015.12,1668485.15224,43775.62,505.707,2067.87670498084,2000-01-01 20:55:23
668,500_705_QEPB04081__668__20-55-24-823.txt,1044,220.843,1015.12,1668026.88825,43639.75,505.707,2067.3132183908,2000-01-01 20:55:24
669,500_705_QEPB04081__669__20-55-25-831.txt,1044,220.843,1015.12,1668964.22075,43762.25,505.707,2068.48275862069,2000-01-01 20:55:25
670,500_705_QEPB04081__670__20-55-26-837.txt,1044,220.843,1015.12,1668389.20726,43757.88,505.707,2067.76697318008,2000-01-01 20:55:26
671,500_705_QEPB04081__671__20-55-27-828.txt,1044,220.843,1015.12,1669160.81326,43582.38,505.707,2068.72961685824,2000-01-01 20:55:27
672,500_705_QEPB04081__672__20-55-28-838.txt,1044,220.843,1015.12,1666353.23326,43611.38,505.707,2065.23727969349,2000-01-01 20:55:28
673,500_705_QEPB04081__673__20-55-29-838.txt,1044,220.843,1015.12,1670832.30626,43758.38,505.707,2070.80432950192,2000-01-01 20:55:29
674,500_705_QEPB04081__674__20-55-30-827.txt,1044,220.843,1015.12,1666244.74375,43591.75,505.707,2065.10727969349,2000-01-01 20:55:30
675,500_705_QEPB04081__675__20-55-31-822.txt,1044,220.843,1015.12,1666451.302,43707,505.707,2065.36973180077,2000-01-01 20:55:31
676,500_705_QEPB04081__676__20-55-32-819.txt,1044,220.843,1015.12,1667044.12275,43576.75,505.707,2066.09674329502,2000-01-01 20:55:32
677,500_705_QEPB04081__677__20-55-33-819.txt,1044,220.843,1015.12,1667032.15776,43652.88,505.707,2066.08785440613,2000-01-01 20:55:33
678,500_705_QEPB04081__678__20-55-34-815.txt,1044,220.843,1015.12,1668680.07576,43604.38,505.707,2068.13670498085,2000-01-01 20:55:34
679,500_705_QEPB04081__679__20-55-35-809.txt,1044,220.843,1015.12,1668961.79674,43695.62,506.48,2068.48973180076,2000-01-01 20:55:35
680,500_705_QEPB04081__680__20-55-36-809.txt,1044,220.843,1015.12,1668452.61674,43624.12,505.707,2067.8546743295,2000-01-01 20:55:36
681,500_705_QEPB04081__681__20-55-37-802.txt,1044,220.843,1015.12,1668306.90025,43611.25,506.48,2067.67528735632,2000-01-01 20:55:37
682,500_705_QEPB04081__682__20-55-38-790.txt,1044,220.843,1015.12,1667478.24225,43582.75,505.707,2066.65708812261,2000-01-01 20:55:38
683,500_705_QEPB04081__683__20-55-39-785.txt,1044,220.843,1015.12,1667284.938,43606,505.707,2066.40900383142,2000-01-01 20:55:39
684,500_705_QEPB04081__684__20-55-40-801.txt,1044,220.843,1015.12,1666512.838,43600,505.707,2065.44827586207,2000-01-01 20:55:40
685,500_705_QEPB04081__685__20-55-41-797.txt,1044,220.843,1015.12,1666131.28376,43589.38,505.707,2064.97099616859,2000-01-01 20:55:41
686,500_705_QEPB04081__686__20-55-42-793.txt,1044,220.843,1015.12,1665517.58275,43502.75,506.48,2064.21455938697,2000-01-01 20:55:42
687,500_705_QEPB04081__687__20-55-43-791.txt,1044,220.843,1015.12,1664695.50276,43509.38,505.707,2063.20662835249,2000-01-01 20:55:43
688,500_705_QEPB04081__688__20-55-44-782.txt,1044,220.843,1015.12,1665334.08675,43537.25,505.707,2064.00095785441,2000-01-01 20:55:44
689,500_705_QEPB04081__689__20-55-45-784.txt,1044,220.843,1015.12,1664718.39474,43431.62,505.707,2063.24452107279,2000-01-01 20:55:45
691,500_705_QEPB04081__691__20-55-46-797.txt,1044,220.843,1015.12,1663138.8715,43452,505.707,2061.27394636015,2000-01-01 20:55:46
692,500_705_QEPB04081__692__20-55-47-799.txt,1044,220.843,1015.12,1663301.50926,43431.38,505.707,2061.48632183908,2000-01-01 20:55:47
693,500_705_QEPB04081__693__20-55-48-788.txt,1044,220.843,1015.12,1666155.33424,43482.62,505.707,2065.02517241379,2000-01-01 20:55:48
694,500_705_QEPB04081__694__20-55-49-780.txt,1044,220.843,1015.12,1662507.33025,43335.75,506.48,2060.49042145594,2000-01-01 20:55:49
695,500_705_QEPB04081__695__20-55-50-790.txt,1044,220.843,1015.12,1662617.468,43401.5,505.707,2060.6408045977,2000-01-01 20:55:50
696,500_705_QEPB04081__696__20-55-51-791.txt,1044,220.843,1015.12,1661908.83724,43345.62,505.707,2059.76463601532,2000-01-01 20:55:51
